Index,swd/mesh,tpack,effect,arc/mesh,tpack,effect,sor/mesh,tpack,effect,sum/mesh,tpack,effect,seg/mesh,tpack,effect,bgw/mesh,tpack,effect,alo/mesh,tpack,effect,drg/mesh,tpack,effect,bwz/mesh,tpack,effect,wsum/mesh,tpack,effect,mseg/mesh,tpack,effect,hwa/mesh,tpack,effect,lod
1,0,0,0,0,0,0,0,0,0,0,0,0,0,0,0,0,0,0,0,0,0,0,0,0,0,0,0,Item\Costume\WSU_EQU_C018.mesh,Item\Costume\WSU_EQU_C018.tpack,0,Item\Costume\MSE_EQU_C018.mesh,Item\Costume\MSE_EQU_C018.tpack,0,0,0,0,TRUE
2,Item\Armor\Helmet\SWD_EQU_HEL_SANTA.mesh,Item\Armor\Helmet\SWD_EQU_HEL_SANTA.tpack,0,Item\Armor\Helmet\ARC_EQU_HEL_SANTA.mesh,Item\Armor\Helmet\ARC_EQU_HEL_SANTA.tpack,0,Item\Armor\Helmet\SOR_EQU_HEL_SANTA.mesh,Item\Armor\Helmet\SOR_EQU_HEL_SANTA.tpack,0,Item\Armor\Helmet\SUM_EQU_HEL_SANTA.mesh,Item\Armor\Helmet\SUM_EQU_HEL_SANTA.tpack,0,Item\Armor\Helmet\HIL_EQU_HEL_SANTA.mesh,Item\Armor\Helmet\HIL_EQU_HEL_SANTA.tpack,0,Item\Armor\Helmet\WAR_EQU_HEL_SANTA.mesh,Item\Armor\Helmet\WAR_EQU_HEL_SANTA.tpack,0,Item\Armor\Helmet\ALO_EQU_HEL_SANTA.mesh,Item\Armor\Helmet\ALO_EQU_HEL_SANTA.tpack,0,Item\Armor\Helmet\DRG_EQU_HEL_SANTA.mesh,Item\Armor\Helmet\DRG_EQU_HEL_SANTA.tpack,0,Item\Armor\Helmet\BWZ_EQU_HEL_SANTA.mesh,Item\Armor\Helmet\BWZ_EQU_HEL_SANTA.tpack,0,Item\Armor\Helmet\WSU_EQU_HEL_SANTA.mesh,Item\Armor\Helmet\WSU_EQU_HEL_SANTA.tpack,0,Item\Armor\Helmet\MSE_EQU_HEL_SANTA.mesh,Item\Armor\Helmet\MSE_EQU_HEL_SANTA.tpack,0,Item\Armor\Helmet\HWA_EQU_HEL_SANTA.mesh,Item\Armor\Helmet\HWA_EQU_HEL_SANTA.tpack,0,TRUE
3,Item\Armor\Helmet\SWD_EQU_HEL_WC.mesh,Item\Armor\Helmet\SWD_EQU_HEL_WC.tpack,0,Item\Armor\Helmet\ARC_EQU_HEL_WC.mesh,Item\Armor\Helmet\ARC_EQU_HEL_WC.tpack,0,Item\Armor\Helmet\SOR_EQU_HEL_WC.mesh,Item\Armor\Helmet\SOR_EQU_HEL_WC.tpack,0,Item\Armor\Helmet\SUM_EQU_HEL_WC.mesh,Item\Armor\Helmet\SUM_EQU_HEL_WC.tpack,0,Item\Armor\Helmet\HIL_EQU_HEL_WC.mesh,Item\Armor\Helmet\HIL_EQU_HEL_WC.tpack,0,Item\Armor\Helmet\WAR_EQU_HEL_WC.mesh,Item\Armor\Helmet\WAR_EQU_HEL_WC.tpack,0,Item\Armor\Helmet\ALO_EQU_HEL_WC.mesh,Item\Armor\Helmet\ALO_EQU_HEL_WC.tpack,0,Item\Armor\Helmet\DRG_EQU_HEL_WC.mesh,Item\Armor\Helmet\DRG_EQU_HEL_WC.tpack,0,Item\Armor\Helmet\BWZ_EQU_HEL_WC.mesh,Item\Armor\Helmet\BWZ_EQU_HEL_WC.tpack,0,Item\Armor\Helmet\WSU_EQU_HEL_WC.mesh,Item\Armor\Helmet\WSU_EQU_HEL_WC.tpack,0,Item\Armor\Helmet\MSE_EQU_HEL_WC.mesh,Item\Armor\Helmet\MSE_EQU_HEL_WC.tpack,0,Item\Armor\Helmet\HWA_EQU_HEL_WC.mesh,Item\Armor\Helmet\HWA_EQU_HEL_WC.tpack,0,TRUE
4,Item\Costume\SWD_EQU_C_DOKDO_DO-RAG.mesh,Item\Costume\SWD_EQU_C_DOKDO_DO-RAG.tpack,0,Item\Costume\ARC_EQU_C_DOKDO_DO-RAG.mesh,Item\Costume\ARC_EQU_C_DOKDO_DO-RAG.tpack,0,Item\Costume\SOR_EQU_C_DOKDO_DO-RAG.mesh,Item\Costume\SOR_EQU_C_DOKDO_DO-RAG.tpack,0,Item\Costume\SUM_EQU_C_DOKDO_DO-RAG.mesh,Item\Costume\SUM_EQU_C_DOKDO_DO-RAG.tpack,0,Item\Costume\HIL_EQU_C_DOKDO_DO-RAG.mesh,Item\Costume\HIL_EQU_C_DOKDO_DO-RAG.tpack,0,Item\Costume\WAR_EQU_C_DOKDO_DO-RAG.mesh,Item\Costume\WAR_EQU_C_DOKDO_DO-RAG.tpack,0,Item\Costume\ALO_EQU_C_DOKDO_DO-RAG.mesh,Item\Costume\ALO_EQU_C_DOKDO_DO-RAG.tpack,0,Item\Costume\DRG_EQU_C_DOKDO_DO-RAG.mesh,Item\Costume\DRG_EQU_C_DOKDO_DO-RAG.tpack,0,Item\Costume\BWZ_EQU_C_DOKDO_DO-RAG.mesh,Item\Costume\BWZ_EQU_C_DOKDO_DO-RAG.tpack,0,Item\Costume\WSU_EQU_C_DOKDO_DO-RAG.mesh,Item\Costume\WSU_EQU_C_DOKDO_DO-RAG.tpack,0,Item\Costume\MSE_EQU_C_DOKDO_DO-RAG.mesh,Item\Costume\MSE_EQU_C_DOKDO_DO-RAG.tpack,0,Item\Costume\HWA_EQU_C_DOKDO_DO-RAG.mesh,Item\Costume\HWA_EQU_C_DOKDO_DO-RAG.tpack,0,TRUE
5,Item\Costume\SWD_EQU_C_X-MAS_HAIRBAND.mesh,Item\Costume\SWD_EQU_C_X-MAS_HAIRBAND_B.tpack,0,Item\Costume\ARC_EQU_C_X-MAS_HAIRBAND.mesh,Item\Costume\ARC_EQU_C_X-MAS_HAIRBAND_B.tpack,0,Item\Costume\SOR_EQU_C_X-MAS_HAIRBAND.mesh,Item\Costume\SOR_EQU_C_X-MAS_HAIRBAND_B.tpack,0,Item\Costume\SUM_EQU_C_X-MAS_HAIRBAND.mesh,Item\Costume\SUM_EQU_C_X-MAS_HAIRBAND_B.tpack,0,Item\Costume\HIL_EQU_C_X-MAS_HAIRBAND.mesh,Item\Costume\HIL_EQU_C_X-MAS_HAIRBAND_B.tpack,0,Item\Costume\WAR_EQU_C_X-MAS_HAIRBAND.mesh,Item\Costume\WAR_EQU_C_X-MAS_HAIRBAND_B.tpack,0,Item\Costume\ALO_EQU_C_X-MAS_HAIRBAND.mesh,Item\Costume\ALO_EQU_C_X-MAS_HAIRBAND_B.tpack,0,Item\Costume\DRG_EQU_C_X-MAS_HAIRBAND.mesh,Item\Costume\DRG_EQU_C_X-MAS_HAIRBAND_B.tpack,0,Item\Costume\BWZ_EQU_C_X-MAS_HAIRBAND.mesh,Item\Costume\BWZ_EQU_C_X-MAS_HAIRBAND_B.tpack,0,Item\Costume\WSU_EQU_C_X-MAS_HAIRBAND.mesh,Item\Costume\WSU_EQU_C_X-MAS_HAIRBAND_B.tpack,0,Item\Costume\MSE_EQU_C_X-MAS_HAIRBAND.mesh,Item\Costume\MSE_EQU_C_X-MAS_HAIRBAND_B.tpack,0,Item\Costume\HWA_EQU_C_X-MAS_HAIRBAND.mesh,Item\Costume\HWA_EQU_C_X-MAS_HAIRBAND_B.tpack,0,TRUE
6,Item\Costume\SWD_EQU_C_X-MAS_HAIRBAND.mesh,Item\Costume\SWD_EQU_C_X-MAS_HAIRBAND_P.tpack,0,Item\Costume\ARC_EQU_C_X-MAS_HAIRBAND.mesh,Item\Costume\ARC_EQU_C_X-MAS_HAIRBAND_P.tpack,0,Item\Costume\SOR_EQU_C_X-MAS_HAIRBAND.mesh,Item\Costume\SOR_EQU_C_X-MAS_HAIRBAND_P.tpack,0,Item\Costume\SUM_EQU_C_X-MAS_HAIRBAND.mesh,Item\Costume\SUM_EQU_C_X-MAS_HAIRBAND_P.tpack,0,Item\Costume\HIL_EQU_C_X-MAS_HAIRBAND.mesh,Item\Costume\HIL_EQU_C_X-MAS_HAIRBAND_P.tpack,0,Item\Costume\WAR_EQU_C_X-MAS_HAIRBAND.mesh,Item\Costume\WAR_EQU_C_X-MAS_HAIRBAND_P.tpack,0,Item\Costume\ALO_EQU_C_X-MAS_HAIRBAND.mesh,Item\Costume\ALO_EQU_C_X-MAS_HAIRBAND_P.tpack,0,Item\Costume\DRG_EQU_C_X-MAS_HAIRBAND.mesh,Item\Costume\DRG_EQU_C_X-MAS_HAIRBAND_P.tpack,0,Item\Costume\BWZ_EQU_C_X-MAS_HAIRBAND.mesh,Item\Costume\BWZ_EQU_C_X-MAS_HAIRBAND_P.tpack,0,Item\Costume\WSU_EQU_C_X-MAS_HAIRBAND.mesh,Item\Costume\WSU_EQU_C_X-MAS_HAIRBAND_P.tpack,0,Item\Costume\MSE_EQU_C_X-MAS_HAIRBAND.mesh,Item\Costume\MSE_EQU_C_X-MAS_HAIRBAND_P.tpack,0,Item\Costume\HWA_EQU_C_X-MAS_HAIRBAND.mesh,Item\Costume\HWA_EQU_C_X-MAS_HAIRBAND_P.tpack,0,TRUE
7,Item\Costume\SWD_EQU_C001.mesh,Item\Costume\SWD_EQU_C001.tpack,0,Item\Costume\ARC_EQU_C001.mesh,Item\Costume\ARC_EQU_C001.tpack,0,Item\Costume\SOR_EQU_C001.mesh,Item\Costume\SOR_EQU_C001.tpack,0,Item\Costume\SUM_EQU_C001.mesh,Item\Costume\SUM_EQU_C001.tpack,0,Item\Costume\HIL_EQU_C001.mesh,Item\Costume\HIL_EQU_C001.tpack,0,Item\Costume\WAR_EQU_C001.mesh,Item\Costume\WAR_EQU_C001.tpack,0,Item\Costume\ALO_EQU_C001.mesh,Item\Costume\ALO_EQU_C001.tpack,0,Item\Costume\DRG_EQU_C001.mesh,Item\Costume\DRG_EQU_C001.tpack,0,Item\Costume\BWZ_EQU_C001.mesh,Item\Costume\BWZ_EQU_C001.tpack,0,Item\Costume\WSU_EQU_C001.mesh,Item\Costume\WSU_EQU_C001.tpack,0,Item\Costume\MSE_EQU_C001.mesh,Item\Costume\MSE_EQU_C001.tpack,0,Item\Costume\HWA_EQU_C001.mesh,Item\Costume\HWA_EQU_C001.tpack,0,TRUE
8,Item\Costume\SWD_EQU_C002.mesh,Item\Costume\SWD_EQU_C002.tpack,0,Item\Costume\ARC_EQU_C002.mesh,Item\Costume\ARC_EQU_C002.tpack,0,Item\Costume\SOR_EQU_C002.mesh,Item\Costume\SOR_EQU_C002.tpack,0,Item\Costume\SUM_EQU_C002.mesh,Item\Costume\SUM_EQU_C002.tpack,0,Item\Costume\HIL_EQU_C002.mesh,Item\Costume\HIL_EQU_C002.tpack,0,Item\Costume\WAR_EQU_C002.mesh,Item\Costume\WAR_EQU_C002.tpack,0,Item\Costume\ALO_EQU_C002.mesh,Item\Costume\ALO_EQU_C002.tpack,0,Item\Costume\DRG_EQU_C002.mesh,Item\Costume\DRG_EQU_C002.tpack,0,Item\Costume\BWZ_EQU_C002.mesh,Item\Costume\BWZ_EQU_C002.tpack,0,Item\Costume\WSU_EQU_C002.mesh,Item\Costume\WSU_EQU_C002.tpack,0,Item\Costume\MSE_EQU_C002.mesh,Item\Costume\MSE_EQU_C002.tpack,0,Item\Costume\HWA_EQU_C002.mesh,Item\Costume\HWA_EQU_C002.tpack,0,TRUE
9,Item\Costume\SWD_EQU_C003.mesh,Item\Costume\SWD_EQU_C003.tpack,0,Item\Costume\ARC_EQU_C003.mesh,Item\Costume\ARC_EQU_C003.tpack,0,Item\Costume\SOR_EQU_C003.mesh,Item\Costume\SOR_EQU_C003.tpack,0,Item\Costume\SUM_EQU_C003.mesh,Item\Costume\SUM_EQU_C003.tpack,0,Item\Costume\HIL_EQU_C003.mesh,Item\Costume\HIL_EQU_C003.tpack,0,Item\Costume\WAR_EQU_C003.mesh,Item\Costume\WAR_EQU_C003.tpack,0,Item\Costume\ALO_EQU_C003.mesh,Item\Costume\ALO_EQU_C003.tpack,0,Item\Costume\DRG_EQU_C003.mesh,Item\Costume\DRG_EQU_C003.tpack,0,Item\Costume\BWZ_EQU_C003.mesh,Item\Costume\BWZ_EQU_C003.tpack,0,Item\Costume\WSU_EQU_C003.mesh,Item\Costume\WSU_EQU_C003.tpack,0,Item\Costume\MSE_EQU_C003.mesh,Item\Costume\MSE_EQU_C003.tpack,0,Item\Costume\HWA_EQU_C003.mesh,Item\Costume\HWA_EQU_C003.tpack,0,TRUE
10,Item\Costume\SWD_EQU_C004.mesh,Item\Costume\SWD_EQU_C004.tpack,0,Item\Costume\ARC_EQU_C004.mesh,Item\Costume\ARC_EQU_C004.tpack,0,Item\Costume\SOR_EQU_C004.mesh,Item\Costume\SOR_EQU_C004.tpack,0,Item\Costume\SUM_EQU_C004.mesh,Item\Costume\SUM_EQU_C004.tpack,0,Item\Costume\HIL_EQU_C004.mesh,Item\Costume\HIL_EQU_C004.tpack,0,Item\Costume\WAR_EQU_C004.mesh,Item\Costume\WAR_EQU_C004.tpack,0,Item\Costume\ALO_EQU_C004.mesh,Item\Costume\ALO_EQU_C004.tpack,0,Item\Costume\DRG_EQU_C004.mesh,Item\Costume\DRG_EQU_C004.tpack,0,Item\Costume\BWZ_EQU_C004.mesh,Item\Costume\BWZ_EQU_C004.tpack,0,Item\Costume\WSU_EQU_C004.mesh,Item\Costume\WSU_EQU_C004.tpack,0,Item\Costume\MSE_EQU_C004.mesh,Item\Costume\MSE_EQU_C004.tpack,0,Item\Costume\HWA_EQU_C004.mesh,Item\Costume\HWA_EQU_C004.tpack,0,TRUE
11,Item\Costume\SWD_EQU_C005.mesh,Item\Costume\SWD_EQU_C005.tpack,0,Item\Costume\ARC_EQU_C005.mesh,Item\Costume\ARC_EQU_C005.tpack,0,Item\Costume\SOR_EQU_C005.mesh,Item\Costume\SOR_EQU_C005.tpack,0,Item\Costume\SUM_EQU_C005.mesh,Item\Costume\SUM_EQU_C005.tpack,0,Item\Costume\HIL_EQU_C005.mesh,Item\Costume\HIL_EQU_C005.tpack,0,Item\Costume\WAR_EQU_C005.mesh,Item\Costume\WAR_EQU_C005.tpack,0,Item\Costume\ALO_EQU_C005.mesh,Item\Costume\ALO_EQU_C005.tpack,0,Item\Costume\DRG_EQU_C005.mesh,Item\Costume\DRG_EQU_C005.tpack,0,Item\Costume\BWZ_EQU_C005.mesh,Item\Costume\BWZ_EQU_C005.tpack,0,Item\Costume\WSU_EQU_C005.mesh,Item\Costume\WSU_EQU_C005.tpack,0,Item\Costume\MSE_EQU_C005.mesh,Item\Costume\MSE_EQU_C005.tpack,0,Item\Costume\HWA_EQU_C005.mesh,Item\Costume\HWA_EQU_C005.tpack,0,TRUE
12,Item\Costume\SWD_EQU_C006.mesh,Item\Costume\SWD_EQU_C006.tpack,0,Item\Costume\ARC_EQU_C006.mesh,Item\Costume\ARC_EQU_C006.tpack,0,Item\Costume\SOR_EQU_C006.mesh,Item\Costume\SOR_EQU_C006.tpack,0,Item\Costume\SUM_EQU_C006.mesh,Item\Costume\SUM_EQU_C006.tpack,0,Item\Costume\HIL_EQU_C006.mesh,Item\Costume\HIL_EQU_C006.tpack,0,Item\Costume\WAR_EQU_C006.mesh,Item\Costume\WAR_EQU_C006.tpack,0,Item\Costume\ALO_EQU_C006.mesh,Item\Costume\ALO_EQU_C006.tpack,0,Item\Costume\DRG_EQU_C006.mesh,Item\Costume\DRG_EQU_C006.tpack,0,Item\Costume\BWZ_EQU_C006.mesh,Item\Costume\BWZ_EQU_C006.tpack,0,Item\Costume\WSU_EQU_C006.mesh,Item\Costume\WSU_EQU_C006.tpack,0,Item\Costume\MSE_EQU_C006.mesh,Item\Costume\MSE_EQU_C006.tpack,0,Item\Costume\HWA_EQU_C006.mesh,Item\Costume\HWA_EQU_C006.tpack,0,TRUE
13,Item\Costume\SWD_EQU_C007.mesh,Item\Costume\SWD_EQU_C007.tpack,0,Item\Costume\ARC_EQU_C007.mesh,Item\Costume\ARC_EQU_C007.tpack,0,Item\Costume\SOR_EQU_C007.mesh,Item\Costume\SOR_EQU_C007.tpack,0,Item\Costume\SUM_EQU_C007.mesh,Item\Costume\SUM_EQU_C007.tpack,0,Item\Costume\HIL_EQU_C007.mesh,Item\Costume\HIL_EQU_C007.tpack,0,Item\Costume\WAR_EQU_C007.mesh,Item\Costume\WAR_EQU_C007.tpack,0,Item\Costume\ALO_EQU_C007.mesh,Item\Costume\ALO_EQU_C007.tpack,0,Item\Costume\DRG_EQU_C012.mesh,Item\Costume\DRG_EQU_C012.tpack,0,Item\Costume\BWZ_EQU_C012.mesh,Item\Costume\BWZ_EQU_C012.tpack,0,Item\Costume\WSU_EQU_C018.mesh,Item\Costume\WSU_EQU_C018.tpack,0,Item\Costume\MSE_EQU_C018.mesh,Item\Costume\MSE_EQU_C018.tpack,0,Item\Costume\HWA_EQU_C012.mesh,Item\Costume\HWA_EQU_C012.tpack,0,TRUE
14,Item\Costume\SWD_EQU_C008.mesh,Item\Costume\SWD_EQU_C008.tpack,0,Item\Costume\ARC_EQU_C008.mesh,Item\Costume\ARC_EQU_C008.tpack,0,Item\Costume\SOR_EQU_C008.mesh,Item\Costume\SOR_EQU_C008.tpack,0,Item\Costume\SUM_EQU_C008.mesh,Item\Costume\SUM_EQU_C008.tpack,0,Item\Costume\HIL_EQU_C008.mesh,Item\Costume\HIL_EQU_C008.tpack,0,Item\Costume\WAR_EQU_C008.mesh,Item\Costume\WAR_EQU_C008.tpack,0,Item\Costume\ALO_EQU_C008.mesh,Item\Costume\ALO_EQU_C008.tpack,0,Item\Costume\DRG_EQU_COS_008.mesh,Item\Costume\DRG_EQU_COS_008.tpack,0,Item\Costume\BWZ_EQU_C008.mesh,Item\Costume\BWZ_EQU_C008.tpack,0,Item\Costume\WSU_EQU_C008.mesh,Item\Costume\WSU_EQU_C008.tpack,0,Item\Costume\MSE_EQU_C008.mesh,Item\Costume\MSE_EQU_C008.tpack,0,Item\Costume\HWA_EQU_C008.mesh,Item\Costume\HWA_EQU_C008.tpack,0,TRUE
15,Item\Costume\SWD_EQU_C009.mesh,Item\Costume\SWD_EQU_C009.tpack,0,Item\Costume\ARC_EQU_C009.mesh,Item\Costume\ARC_EQU_C009.tpack,0,Item\Costume\SOR_EQU_C009.mesh,Item\Costume\SOR_EQU_C009.tpack,0,Item\Costume\SUM_EQU_C009.mesh,Item\Costume\SUM_EQU_C009.tpack,0,Item\Costume\HIL_EQU_C009.mesh,Item\Costume\HIL_EQU_C009.tpack,0,Item\Costume\WAR_EQU_C009.mesh,Item\Costume\WAR_EQU_C009.tpack,0,Item\Costume\ALO_EQU_C009.mesh,Item\Costume\ALO_EQU_C009.tpack,0,Item\Costume\DRG_EQU_C009.mesh,Item\Costume\DRG_EQU_C009.tpack,0,Item\Costume\BWZ_EQU_C009.mesh,Item\Costume\BWZ_EQU_C009.tpack,0,Item\Costume\WSU_EQU_C009.mesh,Item\Costume\WSU_EQU_C009.tpack,0,Item\Costume\MSE_EQU_C009.mesh,Item\Costume\MSE_EQU_C009.tpack,0,Item\Costume\HWA_EQU_C009.mesh,Item\Costume\HWA_EQU_C009.tpack,0,TRUE
16,Item\Costume\SWD_EQU_C010.mesh,Item\Costume\SWD_EQU_C010.tpack,0,Item\Costume\ARC_EQU_C010.mesh,Item\Costume\ARC_EQU_C010.tpack,0,Item\Costume\SOR_EQU_C010.mesh,Item\Costume\SOR_EQU_C010.tpack,0,Item\Costume\SUM_EQU_C010.mesh,Item\Costume\SUM_EQU_C010.tpack,0,Item\Costume\HIL_EQU_C010.mesh,Item\Costume\HIL_EQU_C010.tpack,0,Item\Costume\WAR_EQU_C010.mesh,Item\Costume\WAR_EQU_C010.tpack,0,Item\Costume\ALO_EQU_C010.mesh,Item\Costume\ALO_EQU_C010.tpack,0,Item\Costume\DRG_EQU_C010.mesh,Item\Costume\DRG_EQU_C010.tpack,0,Item\Costume\BWZ_EQU_C010.mesh,Item\Costume\BWZ_EQU_C010.tpack,0,Item\Costume\WSU_EQU_C010.mesh,Item\Costume\WSU_EQU_C010.tpack,0,Item\Costume\MSE_EQU_C010.mesh,Item\Costume\MSE_EQU_C010.tpack,0,Item\Costume\HWA_EQU_C010.mesh,Item\Costume\HWA_EQU_C010.tpack,0,TRUE
17,Item\Costume\SWD_EQU_C011.mesh,Item\Costume\SWD_EQU_C011.tpack,0,Item\Costume\ARC_EQU_C011.mesh,Item\Costume\ARC_EQU_C011.tpack,0,Item\Costume\SOR_EQU_C011.mesh,Item\Costume\SOR_EQU_C011.tpack,0,Item\Costume\SUM_EQU_C011.mesh,Item\Costume\SUM_EQU_C011.tpack,0,Item\Costume\HIL_EQU_C011.mesh,Item\Costume\HIL_EQU_C011.tpack,0,Item\Costume\WAR_EQU_C011.mesh,Item\Costume\WAR_EQU_C011.tpack,0,Item\Costume\ALO_EQU_C011.mesh,Item\Costume\ALO_EQU_C011.tpack,0,Item\Costume\DRG_EQU_C011.mesh,Item\Costume\DRG_EQU_C011.tpack,0,Item\Costume\BWZ_EQU_C011.mesh,Item\Costume\BWZ_EQU_C011.tpack,0,Item\Costume\WSU_EQU_C011.mesh,Item\Costume\WSU_EQU_C011.tpack,0,Item\Costume\MSE_EQU_C011.mesh,Item\Costume\MSE_EQU_C011.tpack,0,Item\Costume\HWA_EQU_C011.mesh,Item\Costume\HWA_EQU_C011.tpack,0,TRUE
18,Item\Costume\SWD_EQU_C012.mesh,Item\Costume\SWD_EQU_C012.tpack,0,Item\Costume\ARC_EQU_C012.mesh,Item\Costume\ARC_EQU_C012.tpack,0,Item\Costume\SOR_EQU_C012.mesh,Item\Costume\SOR_EQU_C012.tpack,0,Item\Costume\SUM_EQU_C012.mesh,Item\Costume\SUM_EQU_C012.tpack,0,Item\Costume\HIL_EQU_C012.mesh,Item\Costume\HIL_EQU_C012.tpack,0,Item\Costume\WAR_EQU_C012.mesh,Item\Costume\WAR_EQU_C012.tpack,0,Item\Costume\ALO_EQU_C012.mesh,Item\Costume\ALO_EQU_C012.tpack,0,Item\Costume\DRG_EQU_C012.mesh,Item\Costume\DRG_EQU_C012.tpack,0,Item\Costume\BWZ_EQU_C012.mesh,Item\Costume\BWZ_EQU_C012.tpack,0,Item\Costume\WSU_EQU_C012.mesh,Item\Costume\WSU_EQU_C012.tpack,0,Item\Costume\MSE_EQU_C012.mesh,Item\Costume\MSE_EQU_C012.tpack,0,Item\Costume\HWA_EQU_C012.mesh,Item\Costume\HWA_EQU_C012.tpack,0,TRUE
19,Item\Costume\SWD_EQU_C013.mesh,Item\Costume\SWD_EQU_C013.tpack,0,Item\Costume\ARC_EQU_C013.mesh,Item\Costume\ARC_EQU_C013.tpack,0,Item\Costume\SOR_EQU_C013.mesh,Item\Costume\SOR_EQU_C013.tpack,0,Item\Costume\SUM_EQU_C013.mesh,Item\Costume\SUM_EQU_C013.tpack,0,Item\Costume\HIL_EQU_C013.mesh,Item\Costume\HIL_EQU_C013.tpack,0,Item\Costume\WAR_EQU_C013.mesh,Item\Costume\WAR_EQU_C013.tpack,0,Item\Costume\ALO_EQU_C013.mesh,Item\Costume\ALO_EQU_C013.tpack,0,Item\Costume\DRG_EQU_C013.mesh,Item\Costume\DRG_EQU_C013.tpack,0,Item\Costume\BWZ_EQU_C013.mesh,Item\Costume\BWZ_EQU_C013.tpack,0,Item\Costume\WSU_EQU_C013.mesh,Item\Costume\WSU_EQU_C013.tpack,0,Item\Costume\MSE_EQU_C013.mesh,Item\Costume\MSE_EQU_C013.tpack,0,Item\Costume\HWA_EQU_C013.mesh,Item\Costume\HWA_EQU_C013.tpack,0,TRUE
20,Item\Costume\SWD_EQU_C013.mesh,Item\Costume\SWD_EQU_C013_L.tpack,0,Item\Costume\ARC_EQU_C013.mesh,Item\Costume\ARC_EQU_C013_L.tpack,0,Item\Costume\SOR_EQU_C013.mesh,Item\Costume\SOR_EQU_C013_L.tpack,0,Item\Costume\SUM_EQU_C013.mesh,Item\Costume\SUM_EQU_C013_L.tpack,0,Item\Costume\HIL_EQU_C013.mesh,Item\Costume\HIL_EQU_C013_L.tpack,0,Item\Costume\WAR_EQU_C013.mesh,Item\Costume\WAR_EQU_C013_L.tpack,0,Item\Costume\ALO_EQU_C013.mesh,Item\Costume\ALO_EQU_C013_L.tpack,0,Item\Costume\DRG_EQU_C013.mesh,Item\Costume\DRG_EQU_C013_L.tpack,0,Item\Costume\BWZ_EQU_C013.mesh,Item\Costume\BWZ_EQU_C013_L.tpack,0,Item\Costume\WSU_EQU_C013.mesh,Item\Costume\WSU_EQU_C013_L.tpack,0,Item\Costume\MSE_EQU_C013.mesh,Item\Costume\MSE_EQU_C013_L.tpack,0,Item\Costume\HWA_EQU_C013.mesh,Item\Costume\HWA_EQU_C013_L.tpack,0,TRUE
21,Item\Costume\SWD_EQU_C014.mesh,Item\Costume\SWD_EQU_C014.tpack,0,Item\Costume\ARC_EQU_C014.mesh,Item\Costume\ARC_EQU_C014.tpack,0,Item\Costume\SOR_EQU_C014.mesh,Item\Costume\SOR_EQU_C014.tpack,0,Item\Costume\SUM_EQU_C014.mesh,Item\Costume\SUM_EQU_C014.tpack,0,Item\Costume\HIL_EQU_C014.mesh,Item\Costume\HIL_EQU_C014.tpack,0,Item\Costume\WAR_EQU_C014.mesh,Item\Costume\WAR_EQU_C014.tpack,0,Item\Costume\ALO_EQU_C014.mesh,Item\Costume\ALO_EQU_C014.tpack,0,Item\Costume\DRG_EQU_C014.mesh,Item\Costume\DRG_EQU_C014.tpack,0,Item\Costume\BWZ_EQU_C014.mesh,Item\Costume\BWZ_EQU_C014.tpack,0,Item\Costume\WSU_EQU_C014.mesh,Item\Costume\WSU_EQU_C014.tpack,0,Item\Costume\MSE_EQU_C014.mesh,Item\Costume\MSE_EQU_C014.tpack,0,Item\Costume\HWA_EQU_C014.mesh,Item\Costume\HWA_EQU_C014.tpack,0,TRUE
22,Item\Costume\SWD_EQU_C015.mesh,Item\Costume\SWD_EQU_C015.tpack,0,Item\Costume\ARC_EQU_C015.mesh,Item\Costume\ARC_EQU_C015.tpack,0,Item\Costume\SOR_EQU_C015.mesh,Item\Costume\SOR_EQU_C015.tpack,0,Item\Costume\SUM_EQU_C015.mesh,Item\Costume\SUM_EQU_C015.tpack,0,Item\Costume\HIL_EQU_C015.mesh,Item\Costume\HIL_EQU_C015.tpack,0,Item\Costume\WAR_EQU_C015.mesh,Item\Costume\WAR_EQU_C015.tpack,0,Item\Costume\ALO_EQU_C015.mesh,Item\Costume\ALO_EQU_C015.tpack,0,Item\Costume\DRG_EQU_C015.mesh,Item\Costume\DRG_EQU_C015.tpack,0,Item\Costume\BWZ_EQU_C015.mesh,Item\Costume\BWZ_EQU_C015.tpack,0,Item\Costume\WSU_EQU_C015.mesh,Item\Costume\WSU_EQU_C015.tpack,0,Item\Costume\MSE_EQU_C015.mesh,Item\Costume\MSE_EQU_C015.tpack,0,Item\Costume\HWA_EQU_C015.mesh,Item\Costume\HWA_EQU_C015.tpack,0,TRUE
23,Item\Costume\SWD_EQU_C016.mesh,Item\Costume\SWD_EQU_C016.tpack,0,Item\Costume\ARC_EQU_C016.mesh,Item\Costume\ARC_EQU_C016.tpack,0,Item\Costume\SOR_EQU_C016.mesh,Item\Costume\SOR_EQU_C016.tpack,0,Item\Costume\SUM_EQU_C016.mesh,Item\Costume\SUM_EQU_C016.tpack,0,Item\Costume\HIL_EQU_C016.mesh,Item\Costume\HIL_EQU_C016.tpack,0,Item\Costume\WAR_EQU_C016.mesh,Item\Costume\WAR_EQU_C016.tpack,0,Item\Costume\ALO_EQU_C016.mesh,Item\Costume\ALO_EQU_C016.tpack,0,Item\Costume\DRG_EQU_C016.mesh,Item\Costume\DRG_EQU_C016.tpack,0,Item\Costume\BWZ_EQU_C016.mesh,Item\Costume\BWZ_EQU_C016.tpack,0,Item\Costume\WSU_EQU_C016.mesh,Item\Costume\WSU_EQU_C016.tpack,0,Item\Costume\MSE_EQU_C016.mesh,Item\Costume\MSE_EQU_C016.tpack,0,Item\Costume\HWA_EQU_C016.mesh,Item\Costume\HWA_EQU_C016.tpack,0,TRUE
24,Item\Costume\SWD_EQU_C017.mesh,Item\Costume\SWD_EQU_C017.tpack,0,Item\Costume\ARC_EQU_C017.mesh,Item\Costume\ARC_EQU_C017.tpack,0,Item\Costume\SOR_EQU_C017.mesh,Item\Costume\SOR_EQU_C017.tpack,0,Item\Costume\SUM_EQU_C017.mesh,Item\Costume\SUM_EQU_C017.tpack,0,Item\Costume\HIL_EQU_C017.mesh,Item\Costume\HIL_EQU_C017.tpack,0,Item\Costume\WAR_EQU_C017.mesh,Item\Costume\WAR_EQU_C017.tpack,0,Item\Costume\ALO_EQU_C017.mesh,Item\Costume\ALO_EQU_C017.tpack,0,Item\Costume\DRG_EQU_C017.mesh,Item\Costume\DRG_EQU_C017.tpack,0,Item\Costume\BWZ_EQU_C017.mesh,Item\Costume\BWZ_EQU_C017.tpack,0,Item\Costume\WSU_EQU_C017.mesh,Item\Costume\WSU_EQU_C017.tpack,0,Item\Costume\MSE_EQU_C017.mesh,Item\Costume\MSE_EQU_C017.tpack,0,Item\Costume\HWA_EQU_C017.mesh,Item\Costume\HWA_EQU_C017.tpack,0,TRUE
25,Item\Costume\SWD_EQU_COS_HALLOWEEN.mesh,Item\Costume\SWD_EQU_COS_HALLOWEEN.tpack,0,Item\Costume\ARC_EQU_COS_HALLOWEEN.mesh,Item\Costume\ARC_EQU_COS_HALLOWEEN.tpack,0,Item\Costume\SOR_EQU_COS_HALLOWEEN.mesh,Item\Costume\SOR_EQU_COS_HALLOWEEN.tpack,0,Item\Costume\SUM_EQU_COS_HALLOWEEN.mesh,Item\Costume\SUM_EQU_COS_HALLOWEEN.tpack,0,Item\Costume\HIL_EQU_COS_HALLOWEEN.mesh,Item\Costume\HIL_EQU_COS_HALLOWEEN.tpack,0,Item\Costume\WAR_EQU_COS_HALLOWEEN.mesh,Item\Costume\WAR_EQU_COS_HALLOWEEN.tpack,0,Item\Costume\ALO_EQU_COS_HALLOWEEN.mesh,Item\Costume\ALO_EQU_COS_HALLOWEEN.tpack,0,Item\Costume\DRG_EQU_COS_HALLOWEEN.mesh,Item\Costume\DRG_EQU_COS_HALLOWEEN.tpack,0,Item\Costume\BWZ_EQU_COS_HALLOWEEN.mesh,Item\Costume\BWZ_EQU_COS_HALLOWEEN.tpack,0,Item\Costume\WSU_EQU_COS_HALLOWEEN.mesh,Item\Costume\WSU_EQU_COS_HALLOWEEN.tpack,0,Item\Costume\MSE_EQU_COS_HALLOWEEN.mesh,Item\Costume\MSE_EQU_COS_HALLOWEEN.tpack,0,Item\Costume\HWA_EQU_COS_HALLOWEEN.mesh,Item\Costume\HWA_EQU_COS_HALLOWEEN.tpack,0,TRUE
26,Item\Costume\SWD_EQU_COS_LENS.mesh,Item\Costume\SWD_EQU_COS_LENS.tpack,0,Item\Costume\ARC_EQU_COS_LENS.mesh,Item\Costume\ARC_EQU_COS_LENS.tpack,0,Item\Costume\SOR_EQU_COS_LENS.mesh,Item\Costume\SOR_EQU_COS_LENS.tpack,0,Item\Costume\SUM_EQU_COS_LENS.mesh,Item\Costume\SUM_EQU_COS_LENS.tpack,0,Item\Costume\HIL_EQU_COS_LENS.mesh,Item\Costume\HIL_EQU_COS_LENS.tpack,0,Item\Costume\WAR_EQU_COS_LENS.mesh,Item\Costume\WAR_EQU_COS_LENS.tpack,0,Item\Costume\ALO_EQU_COS_LENS.mesh,Item\Costume\ALO_EQU_COS_LENS.tpack,0,Item\Costume\DRG_EQU_COS_LENS.mesh,Item\Costume\DRG_EQU_COS_LENS.tpack,0,Item\Costume\BWZ_EQU_COS_LENS.mesh,Item\Costume\BWZ_EQU_COS_LENS.tpack,0,Item\Costume\WSU_EQU_COS_LENS.mesh,Item\Costume\WSU_EQU_COS_LENS.tpack,0,Item\Costume\MSE_EQU_COS_LENS.mesh,Item\Costume\MSE_EQU_COS_LENS.tpack,0,Item\Costume\HWA_EQU_COS_LENS.mesh,Item\Costume\HWA_EQU_COS_LENS.tpack,0,TRUE
27,Item\Costume\SWD_EQU_COS_PRE01.mesh,Item\Costume\SWD_EQU_COS_PRE01.tpack,0,Item\Costume\ARC_EQU_COS_PRE01.mesh,Item\Costume\ARC_EQU_COS_PRE01.tpack,0,Item\Costume\SOR_EQU_COS_PRE01.mesh,Item\Costume\SOR_EQU_COS_PRE01.tpack,0,Item\Costume\SUM_EQU_COS_PRE01.mesh,Item\Costume\SUM_EQU_COS_PRE01.tpack,0,Item\Costume\HIL_EQU_COS_PRE01.mesh,Item\Costume\HIL_EQU_COS_PRE01.tpack,0,Item\Costume\WAR_EQU_COS_PRE01.mesh,Item\Costume\WAR_EQU_COS_PRE01.tpack,0,Item\Costume\ALO_EQU_COS_PRE01.mesh,Item\Costume\ALO_EQU_COS_PRE01.tpack,0,Item\Costume\DRG_EQU_COS_PRE01.mesh,Item\Costume\DRG_EQU_COS_PRE01.tpack,0,Item\Costume\BWZ_EQU_COS_PRE01.mesh,Item\Costume\BWZ_EQU_COS_PRE01.tpack,0,Item\Costume\WSU_EQU_COS_PRE01.mesh,Item\Costume\WSU_EQU_COS_PRE01.tpack,0,Item\Costume\MSE_EQU_COS_PRE01.mesh,Item\Costume\MSE_EQU_COS_PRE01.tpack,0,Item\Costume\HWA_EQU_COS_PRE01.mesh,Item\Costume\HWA_EQU_COS_PRE01.tpack,0,TRUE
28,Item\Costume\SWD_EQU_HEL_HALLOWEEN.mesh,Item\Costume\SWD_EQU_HEL_HALLOWEEN.tpack,0,Item\Costume\ARC_EQU_HEL_HALLOWEEN.mesh,Item\Costume\ARC_EQU_HEL_HALLOWEEN.tpack,0,Item\Costume\SOR_EQU_HEL_HALLOWEEN.mesh,Item\Costume\SOR_EQU_HEL_HALLOWEEN.tpack,0,Item\Costume\SUM_EQU_HEL_HALLOWEEN.mesh,Item\Costume\SUM_EQU_HEL_HALLOWEEN.tpack,0,Item\Costume\HIL_EQU_HEL_HALLOWEEN.mesh,Item\Costume\HIL_EQU_HEL_HALLOWEEN.tpack,0,Item\Costume\WAR_EQU_HEL_HALLOWEEN.mesh,Item\Costume\WAR_EQU_HEL_HALLOWEEN.tpack,0,Item\Costume\ALO_EQU_HEL_HALLOWEEN.mesh,Item\Costume\ALO_EQU_HEL_HALLOWEEN.tpack,0,Item\Costume\DRG_EQU_HEL_HALLOWEEN.mesh,Item\Costume\ALO_EQU_HEL_HALLOWEEN.tpack,0,Item\Costume\BWZ_EQU_HEL_HALLOWEEN.mesh,Item\Costume\BWZ_EQU_HEL_HALLOWEEN.tpack,0,Item\Costume\ARC_EQU_HEL_HALLOWEEN.mesh,Item\Costume\ARC_EQU_HEL_HALLOWEEN.tpack,0,Item\Costume\SUM_EQU_HEL_HALLOWEEN.mesh,Item\Costume\SUM_EQU_HEL_HALLOWEEN.tpack,0,Item\Costume\HWA_EQU_HEL_HALLOWEEN.mesh,Item\Costume\HWA_EQU_HEL_HALLOWEEN.tpack,0,TRUE
29,Item\Costume\SWD_EQU_COS_PRE01.mesh,Item\Costume\SWD_EQU_COS_PRE01_DK.tpack,0,Item\Costume\ARC_EQU_COS_PRE01.mesh,Item\Costume\ARC_EQU_COS_PRE01_DK.tpack,0,Item\Costume\SOR_EQU_COS_PRE01.mesh,Item\Costume\SOR_EQU_COS_PRE01_DK.tpack,0,Item\Costume\SUM_EQU_COS_PRE01.mesh,Item\Costume\SUM_EQU_COS_PRE01_DK.tpack,0,Item\Costume\HIL_EQU_COS_PRE01.mesh,Item\Costume\HIL_EQU_COS_PRE01_DK.tpack,0,Item\Costume\WAR_EQU_COS_PRE01.mesh,Item\Costume\WAR_EQU_COS_PRE01_DK.tpack,0,Item\Costume\ALO_EQU_COS_PRE01.mesh,Item\Costume\ALO_EQU_COS_PRE01_DK.tpack,0,Item\Costume\DRG_EQU_COS_PRE01.mesh,Item\Costume\DRG_EQU_COS_PRE01_DK.tpack,0,Item\Costume\BWZ_EQU_COS_PRE01.mesh,Item\Costume\BWZ_EQU_COS_PRE01_DK.tpack,0,Item\Costume\WSU_EQU_COS_PRE01.mesh,Item\Costume\WSU_EQU_COS_PRE01_DK.tpack,0,Item\Costume\MSE_EQU_COS_PRE01.mesh,Item\Costume\MSE_EQU_COS_PRE01_DK.tpack,0,Item\Costume\HWA_EQU_COS_PRE01.mesh,Item\Costume\HWA_EQU_COS_PRE01_DK.tpack,0,TRUE
30,Item\Costume\SWD_EQU_C014.mesh,Item\Costume\SWD_EQU_C014_L.tpack,0,Item\Costume\ARC_EQU_C014.mesh,Item\Costume\ARC_EQU_C014_L.tpack,0,Item\Costume\SOR_EQU_C014.mesh,Item\Costume\SOR_EQU_C014_L.tpack,0,Item\Costume\SUM_EQU_C014.mesh,Item\Costume\SUM_EQU_C014_L.tpack,0,Item\Costume\HIL_EQU_C014.mesh,Item\Costume\HIL_EQU_C014_L.tpack,0,Item\Costume\WAR_EQU_C014.mesh,Item\Costume\WAR_EQU_C014_L.tpack,0,Item\Costume\ALO_EQU_C014.mesh,Item\Costume\ALO_EQU_C014_L.tpack,0,Item\Costume\DRG_EQU_C014.mesh,Item\Costume\DRG_EQU_C014_L.tpack,0,Item\Costume\BWZ_EQU_C014.mesh,Item\Costume\BWZ_EQU_C014_L.tpack,0,Item\Costume\WSU_EQU_C014.mesh,Item\Costume\WSU_EQU_C014_L.tpack,0,Item\Costume\MSE_EQU_C014.mesh,Item\Costume\MSE_EQU_C014_L.tpack,0,Item\Costume\HWA_EQU_C014.mesh,Item\Costume\HWA_EQU_C014_L.tpack,0,TRUE
31,Item\Costume\SWD_EQU_C_RUDOLPH.mesh,Item\Costume\SWD_EQU_C_RUDOLPH.tpack,0,Item\Costume\ARC_EQU_C_RUDOLPH.mesh,Item\Costume\ARC_EQU_C_RUDOLPH.tpack,0,Item\Costume\SOR_EQU_C_RUDOLPH.mesh,Item\Costume\SOR_EQU_C_RUDOLPH.tpack,0,Item\Costume\SUM_EQU_C_RUDOLPH.mesh,Item\Costume\SUM_EQU_C_RUDOLPH.tpack,0,Item\Costume\HIL_EQU_C_RUDOLPH.mesh,Item\Costume\HIL_EQU_C_RUDOLPH.tpack,0,Item\Costume\WAR_EQU_C_RUDOLPH.mesh,Item\Costume\WAR_EQU_C_RUDOLPH.tpack,0,Item\Costume\ALO_EQU_C_RUDOLPH.mesh,Item\Costume\ALO_EQU_C_RUDOLPH.tpack,0,Item\Costume\DRG_EQU_C_RUDOLPH.mesh,Item\Costume\DRG_EQU_C_RUDOLPH.tpack,0,Item\Costume\BWZ_EQU_C_RUDOLPH.mesh,Item\Costume\BWZ_EQU_C_RUDOLPH.tpack,0,Item\Costume\WSU_EQU_C_RUDOLPH.mesh,Item\Costume\WSU_EQU_C_RUDOLPH.tpack,0,Item\Costume\MSE_EQU_C_RUDOLPH.mesh,Item\Costume\MSE_EQU_C_RUDOLPH.tpack,0,Item\Costume\HWA_EQU_C_RUDOLPH.mesh,Item\Costume\HWA_EQU_C_RUDOLPH.tpack,0,TRUE
32,Item\Costume\SWD_EQU_C_POLAR_BEAR.mesh,Item\Costume\SWD_EQU_C_POLAR_BEAR.tpack,0,Item\Costume\ARC_EQU_C_POLAR_BEAR.mesh,Item\Costume\ARC_EQU_C_POLAR_BEAR.tpack,0,Item\Costume\SOR_EQU_C_POLAR_BEAR.mesh,Item\Costume\SOR_EQU_C_POLAR_BEAR.tpack,0,Item\Costume\SUM_EQU_C_POLAR_BEAR.mesh,Item\Costume\SUM_EQU_C_POLAR_BEAR.tpack,0,Item\Costume\HIL_EQU_C_POLAR_BEAR.mesh,Item\Costume\HIL_EQU_C_POLAR_BEAR.tpack,0,Item\Costume\WAR_EQU_C_POLAR_BEAR.mesh,Item\Costume\WAR_EQU_C_POLAR_BEAR.tpack,0,Item\Costume\ALO_EQU_C_POLAR_BEAR.mesh,Item\Costume\ALO_EQU_C_POLAR_BEAR.tpack,0,Item\Costume\DRG_EQU_C_POLAR_BEAR.mesh,Item\Costume\DRG_EQU_C_POLAR_BEAR.tpack,0,Item\Costume\BWZ_EQU_C_POLAR_BEAR.mesh,Item\Costume\BWZ_EQU_C_POLAR_BEAR.tpack,0,Item\Costume\WSU_EQU_C_POLAR_BEAR.mesh,Item\Costume\WSU_EQU_C_POLAR_BEAR.tpack,0,Item\Costume\MSE_EQU_C_POLAR_BEAR.mesh,Item\Costume\MSE_EQU_C_POLAR_BEAR.tpack,0,Item\Costume\HWA_EQU_C_POLAR_BEAR.mesh,Item\Costume\HWA_EQU_C_POLAR_BEAR.tpack,0,TRUE
33,Item\Costume\SWD_EQU_C_SANTA.mesh,Item\Costume\SWD_EQU_C_SANTA.tpack,0,Item\Costume\ARC_EQU_C_SANTA.mesh,Item\Costume\ARC_EQU_C_SANTA.tpack,0,Item\Costume\SOR_EQU_C_SANTA.mesh,Item\Costume\SOR_EQU_C_SANTA.tpack,0,Item\Costume\SUM_EQU_C_SANTA.mesh,Item\Costume\SUM_EQU_C_SANTA.tpack,0,Item\Costume\HIL_EQU_C_SANTA.mesh,Item\Costume\HIL_EQU_C_SANTA.tpack,0,Item\Costume\WAR_EQU_C_SANTA.mesh,Item\Costume\WAR_EQU_C_SANTA.tpack,0,Item\Costume\ALO_EQU_C_SANTA.mesh,Item\Costume\ALO_EQU_C_SANTA.tpack,0,Item\Costume\DRG_EQU_C_SANTA.mesh,Item\Costume\DRG_EQU_C_SANTA.tpack,0,Item\Costume\BWZ_EQU_C_SANTA.mesh,Item\Costume\BWZ_EQU_C_SANTA.tpack,0,Item\Costume\WSU_EQU_C_SANTA.mesh,Item\Costume\WSU_EQU_C_SANTA.tpack,0,Item\Costume\MSE_EQU_C_SANTA.mesh,Item\Costume\MSE_EQU_C_SANTA.tpack,0,Item\Costume\HWA_EQU_C_SANTA.mesh,Item\Costume\HWA_EQU_C_SANTA.tpack,0,TRUE
34,Item\Costume\SWD_EQU_C_KOREA.mesh,Item\Costume\SWD_EQU_C_KOREA_BROWN.tpack,0,Item\Costume\ARC_EQU_C_KOREA.mesh,Item\Costume\ARC_EQU_C_KOREA.tpack,0,Item\Costume\SOR_EQU_C_KOREA.mesh,Item\Costume\SOR_EQU_C_KOREA.tpack,0,Item\Costume\SUM_EQU_C_KOREA.mesh,Item\Costume\SUM_EQU_C_KOREA_BROWN.tpack,0,Item\Costume\HIL_EQU_C_KOREA.mesh,Item\Costume\HIL_EQU_C_KOREA.tpack,0,Item\Costume\WAR_EQU_C_KOREA.mesh,Item\Costume\WAR_EQU_C_KOREA_RED.tpack,0,Item\Costume\ALO_EQU_C_KOREA.mesh,Item\Costume\ALO_EQU_C_KOREA.tpack,0,Item\Costume\DRG_EQU_C_KOREA.mesh,Item\Costume\DRG_EQU_C_KOREA.tpack,0,Item\Costume\BWZ_EQU_C_KOREA.mesh,Item\Costume\BWZ_EQU_C_KOREA_BROWN.tpack,0,Item\Costume\WSU_EQU_C_KOREA.mesh,Item\Costume\WSU_EQU_C_KOREA.tpack,0,Item\Costume\MSE_EQU_C_KOREA.mesh,Item\Costume\MSE_EQU_C_KOREA_BROWN.tpack,0,Item\Costume\HWA_EQU_C_KOREA.mesh,Item\Costume\HWA_EQU_C_KOREA.tpack,0,TRUE
35,Item\Costume\SWD_EQU_COS_ANGELRING.mesh,Item\Costume\SWD_EQU_COS_ANGELRING.tpack,0,Item\Costume\ARC_EQU_COS_ANGELRING.mesh,Item\Costume\ARC_EQU_COS_ANGELRING.tpack,0,Item\Costume\SOR_EQU_COS_ANGELRING.mesh,Item\Costume\SOR_EQU_COS_ANGELRING.tpack,0,Item\Costume\SUM_EQU_COS_ANGELRING.mesh,Item\Costume\SUM_EQU_COS_ANGELRING.tpack,0,Item\Costume\HIL_EQU_COS_ANGELRING.mesh,Item\Costume\HIL_EQU_COS_ANGELRING.tpack,0,Item\Costume\WAR_EQU_COS_ANGELRING.mesh,Item\Costume\WAR_EQU_COS_ANGELRING.tpack,0,Item\Costume\ALO_EQU_COS_ANGELRING.mesh,Item\Costume\ALO_EQU_COS_ANGELRING.tpack,0,Item\Costume\DRG_EQU_COS_ANGELRING.mesh,Item\Costume\DRG_EQU_COS_ANGELRING.tpack,0,Item\Costume\BWZ_EQU_COS_ANGELRING.mesh,Item\Costume\BWZ_EQU_COS_ANGELRING.tpack,0,Item\Costume\WSU_EQU_COS_ANGELRING.mesh,Item\Costume\WSU_EQU_COS_ANGELRING.tpack,0,Item\Costume\MSE_EQU_COS_ANGELRING.mesh,Item\Costume\MSE_EQU_COS_ANGELRING.tpack,0,Item\Costume\HWA_EQU_COS_ANGELRING.mesh,Item\Costume\HWA_EQU_COS_ANGELRING.tpack,0,TRUE
36,Item\Costume\SWD_EQU_COS_DEVILHORN.mesh,Item\Costume\SWD_EQU_COS_DEVILHORN.tpack,0,Item\Costume\ARC_EQU_COS_DEVILHORN.mesh,Item\Costume\ARC_EQU_COS_DEVILHORN.tpack,0,Item\Costume\SOR_EQU_COS_DEVILHORN.mesh,Item\Costume\SOR_EQU_COS_DEVILHORN.tpack,0,Item\Costume\SUM_EQU_COS_DEVILHORN.mesh,Item\Costume\SUM_EQU_COS_DEVILHORN.tpack,0,Item\Costume\HIL_EQU_COS_DEVILHORN.mesh,Item\Costume\HIL_EQU_COS_DEVILHORN.tpack,0,Item\Costume\WAR_EQU_COS_DEVILHORN.mesh,Item\Costume\WAR_EQU_COS_DEVILHORN.tpack,0,Item\Costume\ALO_EQU_COS_DEVILHORN.mesh,Item\Costume\ALO_EQU_COS_DEVILHORN.tpack,0,Item\Costume\DRG_EQU_COS_DEVILHORN.mesh,Item\Costume\DRG_EQU_COS_DEVILHORN.tpack,0,Item\Costume\BWZ_EQU_COS_DEVILHORN.mesh,Item\Costume\BWZ_EQU_COS_DEVILHORN.tpack,0,Item\Costume\WSU_EQU_COS_DEVILHORN.mesh,Item\Costume\WSU_EQU_COS_DEVILHORN.tpack,0,Item\Costume\MSE_EQU_COS_DEVILHORN.mesh,Item\Costume\MSE_EQU_COS_DEVILHORN.tpack,0,Item\Costume\HWA_EQU_COS_DEVILHORN.mesh,Item\Costume\HWA_EQU_COS_DEVILHORN.tpack,0,TRUE
37,Item\Costume\SWD_EQU_C_YUKATA.mesh,Item\Costume\SWD_EQU_C_YUKATA.tpack,0,Item\Costume\ARC_EQU_C_YUKATA.mesh,Item\Costume\ARC_EQU_C_YUKATA.tpack,0,Item\Costume\SOR_EQU_C_YUKATA.mesh,Item\Costume\SOR_EQU_C_YUKATA.tpack,0,Item\Costume\SUM_EQU_C_YUKATA.mesh,Item\Costume\SUM_EQU_C_YUKATA.tpack,0,Item\Costume\HIL_EQU_C_YUKATA.mesh,Item\Costume\HIL_EQU_C_YUKATA.tpack,0,Item\Costume\WAR_EQU_C_YUKATA.mesh,Item\Costume\WAR_EQU_C_YUKATA.tpack,0,Item\Costume\ALO_EQU_C_YUKATA.mesh,Item\Costume\ALO_EQU_C_YUKATA.tpack,0,Item\Costume\DRG_EQU_C_YUKATA.mesh,Item\Costume\DRG_EQU_C_YUKATA.tpack,0,Item\Costume\BWZ_EQU_C_YUKATA.mesh,Item\Costume\BWZ_EQU_C_YUKATA.tpack,0,Item\Costume\WSU_EQU_C_YUKATA.mesh,Item\Costume\WSU_EQU_C_YUKATA.tpack,0,Item\Costume\MSE_EQU_C_YUKATA.mesh,Item\Costume\MSE_EQU_C_YUKATA.tpack,0,Item\Costume\HWA_EQU_C_YUKATA.mesh,Item\Costume\HWA_EQU_C_YUKATA.tpack,0,TRUE
38,Item\Costume\SWD_EQU_C_YUKATA.mesh,Item\Costume\SWD_EQU_C_YUKATA_R.tpack,0,Item\Costume\ARC_EQU_C_YUKATA_R.mesh,Item\Costume\ARC_EQU_C_YUKATA_R.tpack,0,Item\Costume\SOR_EQU_C_YUKATA_R.mesh,Item\Costume\SOR_EQU_C_YUKATA_R.tpack,0,Item\Costume\SUM_EQU_C_YUKATA_R.mesh,Item\Costume\SUM_EQU_C_YUKATA_R.tpack,0,Item\Costume\HIL_EQU_C_YUKATA.mesh,Item\Costume\HIL_EQU_C_YUKATA_R.tpack,0,Item\Costume\WAR_EQU_C_YUKATA_R.mesh,Item\Costume\WAR_EQU_C_YUKATA_R.tpack,0,Item\Costume\ALO_EQU_C_YUKATA_R.mesh,Item\Costume\ALO_EQU_C_YUKATA_R.tpack,0,Item\Costume\DRG_EQU_C_YUKATA_R.mesh,Item\Costume\DRG_EQU_C_YUKATA_R.tpack,0,Item\Costume\BWZ_EQU_C_YUKATA_R.mesh,Item\Costume\BWZ_EQU_C_YUKATA_R.tpack,0,Item\Costume\WSU_EQU_C_YUKATA_R.mesh,Item\Costume\WSU_EQU_C_YUKATA_R.tpack,0,Item\Costume\MSE_EQU_C_YUKATA_R.mesh,Item\Costume\MSE_EQU_C_YUKATA_R.tpack,0,Item\Costume\HWA_EQU_C_YUKATA_R.mesh,Item\Costume\HWA_EQU_C_YUKATA_R.tpack,0,TRUE
39,Item\Costume\SWD_EQU_C_CARNIVAL_M_01.mesh,Item\Costume\SWD_EQU_C_CARNIVAL_M_01.tpack,0,Item\Costume\ARC_EQU_C_CARNIVAL_W_01.mesh,Item\Costume\ARC_EQU_C_CARNIVAL_W_01.tpack,0,Item\Costume\SOR_EQU_C_CARNIVAL_W_01.mesh,Item\Costume\SOR_EQU_C_CARNIVAL_W_01.tpack,0,Item\Costume\SUM_EQU_C_CARNIVAL_M_01.mesh,Item\Costume\SUM_EQU_C_CARNIVAL_M_01.tpack,0,Item\Costume\HIL_EQU_C_CARNIVAL_W_01.mesh,Item\Costume\HIL_EQU_C_CARNIVAL_W_01.tpack,0,Item\Costume\WAR_EQU_C_CARNIVAL_M_01.mesh,Item\Costume\WAR_EQU_C_CARNIVAL_M_01.tpack,0,Item\Costume\ALO_EQU_C_CARNIVAL_W_01.mesh,Item\Costume\ALO_EQU_C_CARNIVAL_W_01.tpack,0,Item\Costume\DRG_EQU_C_CARNIVAL_M_01.mesh,Item\Costume\DRG_EQU_C_CARNIVAL_M_01.tpack,0,Item\Costume\BWZ_EQU_C_CARNIVAL_M_01.mesh,Item\Costume\BWZ_EQU_C_CARNIVAL_M_01.tpack,0,Item\Costume\WSU_EQU_C_CARNIVAL_W_01.mesh,Item\Costume\WSU_EQU_C_CARNIVAL_W_01.tpack,0,Item\Costume\MSE_EQU_C_CARNIVAL_M_01.mesh,Item\Costume\MSE_EQU_C_CARNIVAL_M_01.tpack,0,Item\Costume\HWA_EQU_C_CARNIVAL_W_01.mesh,Item\Costume\HWA_EQU_C_CARNIVAL_W_01.tpack,0,TRUE
40,Item\Costume\SWD_EQU_C_CARNIVAL_M_02.mesh,Item\Costume\SWD_EQU_C_CARNIVAL_M_02.tpack,0,Item\Costume\ARC_EQU_C_CARNIVAL_W_02.mesh,Item\Costume\ARC_EQU_C_CARNIVAL_W_02.tpack,0,Item\Costume\SOR_EQU_C_CARNIVAL_W_02.mesh,Item\Costume\SOR_EQU_C_CARNIVAL_W_02.tpack,0,Item\Costume\SUM_EQU_C_CARNIVAL_M_02.mesh,Item\Costume\SUM_EQU_C_CARNIVAL_M_02.tpack,0,Item\Costume\HIL_EQU_C_CARNIVAL_W_02.mesh,Item\Costume\HIL_EQU_C_CARNIVAL_W_02.tpack,0,Item\Costume\WAR_EQU_C_CARNIVAL_M_02.mesh,Item\Costume\WAR_EQU_C_CARNIVAL_M_02.tpack,0,Item\Costume\ALO_EQU_C_CARNIVAL_W_02.mesh,Item\Costume\ALO_EQU_C_CARNIVAL_W_02.tpack,0,Item\Costume\DRG_EQU_C_CARNIVAL_M_02.mesh,Item\Costume\DRG_EQU_C_CARNIVAL_M_02.tpack,0,Item\Costume\BWZ_EQU_C_CARNIVAL_M_02.mesh,Item\Costume\BWZ_EQU_C_CARNIVAL_M_02.tpack,0,Item\Costume\WSU_EQU_C_CARNIVAL_W_02.mesh,Item\Costume\WSU_EQU_C_CARNIVAL_W_02.tpack,0,Item\Costume\MSE_EQU_C_CARNIVAL_M_02.mesh,Item\Costume\MSE_EQU_C_CARNIVAL_M_02.tpack,0,Item\Costume\HWA_EQU_C_CARNIVAL_W_02.mesh,Item\Costume\HWA_EQU_C_CARNIVAL_W_02.tpack,0,TRUE
41,Item\Costume\SWD_EQU_COS_SPRING.mesh,Item\Costume\SWD_EQU_COS_SPRING.tpack,0,Item\Costume\ARC_EQU_COS_SPRING.mesh,Item\Costume\ARC_EQU_COS_SPRING.tpack,0,Item\Costume\SOR_EQU_COS_SPRING.mesh,Item\Costume\SOR_EQU_COS_SPRING.tpack,0,Item\Costume\SUM_EQU_COS_SPRING.mesh,Item\Costume\SUM_EQU_COS_SPRING.tpack,0,Item\Costume\HIL_EQU_COS_SPRING.mesh,Item\Costume\HIL_EQU_COS_SPRING.tpack,0,Item\Costume\WAR_EQU_COS_SPRING.mesh,Item\Costume\WAR_EQU_COS_SPRING.tpack,0,Item\Costume\ALO_EQU_COS_SPRING.mesh,Item\Costume\ALO_EQU_COS_SPRING.tpack,0,Item\Costume\DRG_EQU_COS_SPRING.mesh,Item\Costume\DRG_EQU_COS_SPRING.tpack,0,Item\Costume\BWZ_EQU_COS_SPRING.mesh,Item\Costume\BWZ_EQU_COS_SPRING.tpack,0,Item\Costume\WSU_EQU_COS_SPRING.mesh,Item\Costume\WSU_EQU_COS_SPRING.tpack,0,Item\Costume\MSE_EQU_COS_SPRING.mesh,Item\Costume\MSE_EQU_COS_SPRING.tpack,0,Item\Costume\HWA_EQU_COS_SPRING.mesh,Item\Costume\HWA_EQU_COS_SPRING.tpack,0,TRUE
42,Item\Costume\SWD_EQU_COS_GLOBAL.mesh,Item\Costume\SWD_EQU_COS_GLOBAL.tpack,0,Item\Costume\ARC_EQU_COS_GLOBAL.mesh,Item\Costume\ARC_EQU_COS_GLOBAL.tpack,0,Item\Costume\SOR_EQU_COS_GLOBAL.mesh,Item\Costume\SOR_EQU_COS_GLOBAL.tpack,0,Item\Costume\SUM_EQU_COS_GLOBAL.mesh,Item\Costume\SUM_EQU_COS_GLOBAL.tpack,0,Item\Costume\HIL_EQU_COS_GLOBAL.mesh,Item\Costume\HIL_EQU_COS_GLOBAL.tpack,0,Item\Costume\WAR_EQU_COS_GLOBAL.mesh,Item\Costume\WAR_EQU_COS_GLOBAL.tpack,0,Item\Costume\ALO_EQU_COS_GLOBAL.mesh,Item\Costume\ALO_EQU_COS_GLOBAL.tpack,0,Item\Costume\DRG_EQU_COS_GLOBAL.mesh,Item\Costume\DRG_EQU_COS_GLOBAL.tpack,0,Item\Costume\BWZ_EQU_COS_GLOBAL.mesh,Item\Costume\BWZ_EQU_COS_GLOBAL.tpack,0,Item\Costume\WSU_EQU_COS_GLOBAL.mesh,Item\Costume\WSU_EQU_COS_GLOBAL.tpack,0,Item\Costume\MSE_EQU_COS_GLOBAL.mesh,Item\Costume\MSE_EQU_COS_GLOBAL.tpack,0,Item\Costume\HWA_EQU_COS_GLOBAL.mesh,Item\Costume\HWA_EQU_COS_GLOBAL.tpack,0,TRUE
43,Item\Costume\SWD_EQU_COS_GLOBAL2.mesh,Item\Costume\SWD_EQU_COS_GLOBAL2.tpack,0,Item\Costume\ARC_EQU_COS_GLOBAL2.mesh,Item\Costume\ARC_EQU_COS_GLOBAL2.tpack,0,Item\Costume\SOR_EQU_COS_GLOBAL2.mesh,Item\Costume\SOR_EQU_COS_GLOBAL2.tpack,0,Item\Costume\SUM_EQU_COS_GLOBAL2.mesh,Item\Costume\SUM_EQU_COS_GLOBAL2.tpack,0,Item\Costume\HIL_EQU_COS_GLOBAL2.mesh,Item\Costume\HIL_EQU_COS_GLOBAL2.tpack,0,Item\Costume\WAR_EQU_COS_GLOBAL2.mesh,Item\Costume\WAR_EQU_COS_GLOBAL2.tpack,0,Item\Costume\ALO_EQU_COS_GLOBAL2.mesh,Item\Costume\ALO_EQU_COS_GLOBAL2.tpack,0,Item\Costume\DRG_EQU_COS_GLOBAL2.mesh,Item\Costume\DRG_EQU_COS_GLOBAL2.tpack,0,Item\Costume\BWZ_EQU_COS_GLOBAL2.mesh,Item\Costume\BWZ_EQU_COS_GLOBAL2.tpack,0,Item\Costume\WSU_EQU_COS_GLOBAL2.mesh,Item\Costume\WSU_EQU_COS_GLOBAL2.tpack,0,Item\Costume\MSE_EQU_COS_GLOBAL2.mesh,Item\Costume\MSE_EQU_COS_GLOBAL2.tpack,0,Item\Costume\HWA_EQU_COS_GLOBAL2.mesh,Item\Costume\HWA_EQU_COS_GLOBAL2.tpack,0,TRUE
44,Item\Costume\SWD_EQU_C_POLAR_BEAR.mesh,Item\Costume\SWD_EQU_C_PANDA.tpack,0,Item\Costume\ARC_EQU_C_POLAR_BEAR.mesh,Item\Costume\ARC_EQU_C_PANDA.tpack,0,Item\Costume\SOR_EQU_C_POLAR_BEAR.mesh,Item\Costume\SOR_EQU_C_PANDA.tpack,0,Item\Costume\SUM_EQU_C_POLAR_BEAR.mesh,Item\Costume\SUM_EQU_C_PANDA.tpack,0,Item\Costume\HIL_EQU_C_POLAR_BEAR.mesh,Item\Costume\HIL_EQU_C_PANDA.tpack,0,Item\Costume\WAR_EQU_C_POLAR_BEAR.mesh,Item\Costume\WAR_EQU_C_PANDA.tpack,0,Item\Costume\ALO_EQU_C_POLAR_BEAR.mesh,Item\Costume\ALO_EQU_C_PANDA.tpack,0,Item\Costume\DRG_EQU_C_POLAR_BEAR.mesh,Item\Costume\DRG_EQU_C_PANDA.tpack,0,Item\Costume\BWZ_EQU_C_POLAR_BEAR.mesh,Item\Costume\BWZ_EQU_C_PANDA.tpack,0,Item\Costume\WSU_EQU_C_POLAR_BEAR.mesh,Item\Costume\WSU_EQU_C_PANDA.tpack,0,Item\Costume\MSE_EQU_C_POLAR_BEAR.mesh,Item\Costume\MSE_EQU_C_PANDA.tpack,0,Item\Costume\HWA_EQU_C_POLAR_BEAR.mesh,Item\Costume\HWA_EQU_C_PANDA.tpack,0,TRUE
45,Item\Costume\SWD_EQU_COS_Gummy.mesh,Item\Costume\SWD_EQU_COS_Gummy.tpack,0,Item\Costume\ARC_EQU_COS_Gummy.mesh,Item\Costume\ARC_EQU_COS_Gummy.tpack,0,Item\Costume\SOR_EQU_COS_Gummy.mesh,Item\Costume\SOR_EQU_COS_Gummy.tpack,0,Item\Costume\SUM_EQU_COS_Gummy.mesh,Item\Costume\SUM_EQU_COS_Gummy.tpack,0,Item\Costume\HIL_EQU_COS_Gummy.mesh,Item\Costume\HIL_EQU_COS_Gummy.tpack,0,Item\Costume\WAR_EQU_COS_Gummy.mesh,Item\Costume\WAR_EQU_COS_Gummy.tpack,0,Item\Costume\ALO_EQU_COS_Gummy.mesh,Item\Costume\ALO_EQU_COS_Gummy.tpack,0,Item\Costume\DRG_EQU_COS_Gummy.mesh,Item\Costume\DRG_EQU_COS_Gummy.tpack,0,Item\Costume\BWZ_EQU_COS_Gummy.mesh,Item\Costume\BWZ_EQU_COS_Gummy.tpack,0,Item\Costume\WSU_EQU_COS_Gummy.mesh,Item\Costume\WSU_EQU_COS_Gummy.tpack,0,Item\Costume\MSE_EQU_COS_Gummy.mesh,Item\Costume\MSE_EQU_COS_Gummy.tpack,0,Item\Costume\HWA_EQU_COS_Gummy.mesh,Item\Costume\HWA_EQU_COS_Gummy.tpack,0,TRUE
46,Item\Costume\SWD_EQU_COS_Gummy.mesh,Item\Costume\SWD_EQU_COS_Gummy_02.tpack,0,Item\Costume\ARC_EQU_COS_Gummy.mesh,Item\Costume\ARC_EQU_COS_Gummy_02.tpack,0,Item\Costume\SOR_EQU_COS_Gummy.mesh,Item\Costume\SOR_EQU_COS_Gummy_02.tpack,0,Item\Costume\SUM_EQU_COS_Gummy.mesh,Item\Costume\SUM_EQU_COS_Gummy_02.tpack,0,Item\Costume\HIL_EQU_COS_Gummy.mesh,Item\Costume\HIL_EQU_COS_Gummy_02.tpack,0,Item\Costume\WAR_EQU_COS_Gummy.mesh,Item\Costume\WAR_EQU_COS_Gummy_02.tpack,0,Item\Costume\ALO_EQU_COS_Gummy.mesh,Item\Costume\ALO_EQU_COS_Gummy_02.tpack,0,Item\Costume\DRG_EQU_COS_Gummy.mesh,Item\Costume\DRG_EQU_COS_Gummy_02.tpack,0,Item\Costume\BWZ_EQU_COS_Gummy.mesh,Item\Costume\BWZ_EQU_COS_Gummy_02.tpack,0,Item\Costume\WSU_EQU_COS_Gummy.mesh,Item\Costume\WSU_EQU_COS_Gummy_02.tpack,0,Item\Costume\MSE_EQU_COS_Gummy.mesh,Item\Costume\MSE_EQU_COS_Gummy_02.tpack,0,Item\Costume\HWA_EQU_COS_Gummy.mesh,Item\Costume\HWA_EQU_COS_Gummy_02.tpack,0,TRUE
47,Item\Costume\SWD_EQU_COS_Gummy.mesh,Item\Costume\SWD_EQU_COS_Gummy_03.tpack,0,Item\Costume\ARC_EQU_COS_Gummy.mesh,Item\Costume\ARC_EQU_COS_Gummy_03.tpack,0,Item\Costume\SOR_EQU_COS_Gummy.mesh,Item\Costume\SOR_EQU_COS_Gummy_03.tpack,0,Item\Costume\SUM_EQU_COS_Gummy.mesh,Item\Costume\SUM_EQU_COS_Gummy_03.tpack,0,Item\Costume\HIL_EQU_COS_Gummy.mesh,Item\Costume\HIL_EQU_COS_Gummy_03.tpack,0,Item\Costume\WAR_EQU_COS_Gummy.mesh,Item\Costume\WAR_EQU_COS_Gummy_03.tpack,0,Item\Costume\ALO_EQU_COS_Gummy.mesh,Item\Costume\ALO_EQU_COS_Gummy_03.tpack,0,Item\Costume\DRG_EQU_COS_Gummy.mesh,Item\Costume\DRG_EQU_COS_Gummy_03.tpack,0,Item\Costume\BWZ_EQU_COS_Gummy.mesh,Item\Costume\BWZ_EQU_COS_Gummy_03.tpack,0,Item\Costume\WSU_EQU_COS_Gummy.mesh,Item\Costume\WSU_EQU_COS_Gummy_03.tpack,0,Item\Costume\MSE_EQU_COS_Gummy.mesh,Item\Costume\MSE_EQU_COS_Gummy_03.tpack,0,Item\Costume\HWA_EQU_COS_Gummy.mesh,Item\Costume\HWA_EQU_COS_Gummy_03.tpack,0,TRUE
48,Item\Costume\SWD_EQU_COS_PIRATE.mesh,Item\Costume\SWD_EQU_COS_PIRATE_G.tpack,0,Item\Costume\ARC_EQU_COS_PIRATE.mesh,Item\Costume\ARC_EQU_COS_PIRATE_G.tpack,0,Item\Costume\SOR_EQU_COS_PIRATE.mesh,Item\Costume\SOR_EQU_COS_PIRATE_G.tpack,0,Item\Costume\SUM_EQU_COS_PIRATE.mesh,Item\Costume\SUM_EQU_COS_PIRATE_G.tpack,0,Item\Costume\HIL_EQU_COS_PIRATE.mesh,Item\Costume\HIL_EQU_COS_PIRATE_G.tpack,0,Item\Costume\WAR_EQU_COS_PIRATE.mesh,Item\Costume\WAR_EQU_COS_PIRATE_G.tpack,0,Item\Costume\ALO_EQU_COS_PIRATE.mesh,Item\Costume\ALO_EQU_COS_PIRATE_G.tpack,0,Item\Costume\DRG_EQU_COS_PIRATE.mesh,Item\Costume\DRG_EQU_COS_PIRATE_G.tpack,0,Item\Costume\BWZ_EQU_COS_PIRATE.mesh,Item\Costume\BWZ_EQU_COS_PIRATE_G.tpack,0,Item\Costume\WSU_EQU_COS_PIRATE.mesh,Item\Costume\WSU_EQU_COS_PIRATE_G.tpack,0,Item\Costume\MSE_EQU_COS_PIRATE.mesh,Item\Costume\MSE_EQU_COS_PIRATE_G.tpack,0,Item\Costume\HWA_EQU_COS_PIRATE.mesh,Item\Costume\HWA_EQU_COS_PIRATE_G.tpack,0,TRUE
49,Item\Costume\SWD_EQU_COS_PIRATE.mesh,Item\Costume\SWD_EQU_COS_PIRATE_B.tpack,0,Item\Costume\ARC_EQU_COS_PIRATE.mesh,Item\Costume\ARC_EQU_COS_PIRATE_B.tpack,0,Item\Costume\SOR_EQU_COS_PIRATE.mesh,Item\Costume\SOR_EQU_COS_PIRATE_B.tpack,0,Item\Costume\SUM_EQU_COS_PIRATE.mesh,Item\Costume\SUM_EQU_COS_PIRATE_B.tpack,0,Item\Costume\HIL_EQU_COS_PIRATE.mesh,Item\Costume\HIL_EQU_COS_PIRATE_B.tpack,0,Item\Costume\WAR_EQU_COS_PIRATE.mesh,Item\Costume\WAR_EQU_COS_PIRATE_B.tpack,0,Item\Costume\ALO_EQU_COS_PIRATE.mesh,Item\Costume\ALO_EQU_COS_PIRATE_B.tpack,0,Item\Costume\DRG_EQU_COS_PIRATE.mesh,Item\Costume\DRG_EQU_COS_PIRATE_B.tpack,0,Item\Costume\BWZ_EQU_COS_PIRATE.mesh,Item\Costume\BWZ_EQU_COS_PIRATE_B.tpack,0,Item\Costume\WSU_EQU_COS_PIRATE.mesh,Item\Costume\WSU_EQU_COS_PIRATE_B.tpack,0,Item\Costume\MSE_EQU_COS_PIRATE.mesh,Item\Costume\MSE_EQU_COS_PIRATE_B.tpack,0,Item\Costume\HWA_EQU_COS_PIRATE.mesh,Item\Costume\HWA_EQU_COS_PIRATE_B.tpack,0,TRUE
50,Item\Costume\SWD_EQU_COS_PIRATE.mesh,Item\Costume\SWD_EQU_COS_PIRATE.tpack,0,Item\Costume\ARC_EQU_COS_PIRATE.mesh,Item\Costume\ARC_EQU_COS_PIRATE.tpack,0,Item\Costume\SOR_EQU_COS_PIRATE.mesh,Item\Costume\SOR_EQU_COS_PIRATE.tpack,0,Item\Costume\SUM_EQU_COS_PIRATE.mesh,Item\Costume\SUM_EQU_COS_PIRATE.tpack,0,Item\Costume\HIL_EQU_COS_PIRATE.mesh,Item\Costume\HIL_EQU_COS_PIRATE.tpack,0,Item\Costume\WAR_EQU_COS_PIRATE.mesh,Item\Costume\WAR_EQU_COS_PIRATE.tpack,0,Item\Costume\ALO_EQU_COS_PIRATE.mesh,Item\Costume\ALO_EQU_COS_PIRATE.tpack,0,Item\Costume\DRG_EQU_COS_PIRATE.mesh,Item\Costume\DRG_EQU_COS_PIRATE.tpack,0,Item\Costume\BWZ_EQU_COS_PIRATE.mesh,Item\Costume\BWZ_EQU_COS_PIRATE.tpack,0,Item\Costume\WSU_EQU_COS_PIRATE.mesh,Item\Costume\WSU_EQU_COS_PIRATE.tpack,0,Item\Costume\MSE_EQU_COS_PIRATE.mesh,Item\Costume\MSE_EQU_COS_PIRATE.tpack,0,Item\Costume\HWA_EQU_COS_PIRATE.mesh,Item\Costume\HWA_EQU_COS_PIRATE.tpack,0,TRUE
51,Item\Costume\SWD_EQU_COS_WEDDING.mesh,Item\Costume\SWD_EQU_COS_WEDDING.tpack,0,Item\Costume\ARC_EQU_COS_WEDDING.mesh,Item\Costume\ARC_EQU_COS_WEDDING.tpack,0,Item\Costume\SOR_EQU_COS_WEDDING.mesh,Item\Costume\SOR_EQU_COS_WEDDING.tpack,0,Item\Costume\SUM_EQU_COS_WEDDING.mesh,Item\Costume\SUM_EQU_COS_WEDDING.tpack,0,Item\Costume\HIL_EQU_COS_WEDDING.mesh,Item\Costume\HIL_EQU_COS_WEDDING.tpack,0,Item\Costume\WAR_EQU_COS_WEDDING.mesh,Item\Costume\WAR_EQU_COS_WEDDING.tpack,0,Item\Costume\ALO_EQU_COS_WEDDING.mesh,Item\Costume\ALO_EQU_COS_WEDDING.tpack,0,Item\Costume\DRG_EQU_COS_WEDDING.mesh,Item\Costume\DRG_EQU_COS_WEDDING.tpack,0,Item\Costume\BWZ_EQU_COS_WEDDING.mesh,Item\Costume\BWZ_EQU_COS_WEDDING.tpack,0,Item\Costume\WSU_EQU_COS_WEDDING.mesh,Item\Costume\WSU_EQU_COS_WEDDING.tpack,0,Item\Costume\MSE_EQU_COS_WEDDING.mesh,Item\Costume\MSE_EQU_COS_WEDDING.tpack,0,Item\Costume\HWA_EQU_COS_WEDDING.mesh,Item\Costume\HWA_EQU_COS_WEDDING.tpack,0,TRUE
52,item\costume\SWD_EQU_COS_GOLD_HELMET.mesh,item\costume\SWD_EQU_COS_GOLD_HELMET.tpack,0,item\costume\ARC_EQU_COS_GOLD_HELMET.mesh,item\costume\ARC_EQU_COS_GOLD_HELMET.tpack,0,item\costume\SOR_EQU_COS_GOLD_HELMET.mesh,item\costume\SOR_EQU_COS_GOLD_HELMET.tpack,0,item\costume\SUM_EQU_COS_GOLD_HELMET.mesh,item\costume\SUM_EQU_COS_GOLD_HELMET.tpack,0,item\costume\HIL_EQU_COS_GOLD_HELMET.mesh,item\costume\HIL_EQU_COS_GOLD_HELMET.tpack,0,item\costume\WAR_EQU_COS_GOLD_HELMET.mesh,item\costume\WAR_EQU_COS_GOLD_HELMET.tpack,0,item\costume\ALO_EQU_COS_GOLD_HELMET.mesh,item\costume\ALO_EQU_COS_GOLD_HELMET.tpack,0,item\costume\DRG_EQU_COS_GOLD_HELMET.mesh,item\costume\DRG_EQU_COS_GOLD_HELMET.tpack,0,item\costume\BWZ_EQU_COS_GOLD_HELMET.mesh,item\costume\BWZ_EQU_COS_GOLD_HELMET.tpack,0,item\costume\WSU_EQU_COS_GOLD_HELMET.mesh,item\costume\WSU_EQU_COS_GOLD_HELMET.tpack,0,item\costume\MSE_EQU_COS_GOLD_HELMET.mesh,item\costume\MSE_EQU_COS_GOLD_HELMET.tpack,0,item\costume\HWA_EQU_COS_GOLD_HELMET.mesh,item\costume\HWA_EQU_COS_GOLD_HELMET.tpack,0,TRUE
53,Item\Costume\SWD_EQU_COS_HALLOWEEN.mesh,Item\Costume\SWD_EQU_COS_HALLOWEEN_R.tpack,0,Item\Costume\ARC_EQU_COS_HALLOWEEN.mesh,Item\Costume\ARC_EQU_COS_HALLOWEEN_R.tpack,0,Item\Costume\SOR_EQU_COS_HALLOWEEN.mesh,Item\Costume\SOR_EQU_COS_HALLOWEEN_R.tpack,0,Item\Costume\SUM_EQU_COS_HALLOWEEN.mesh,Item\Costume\SUM_EQU_COS_HALLOWEEN_R.tpack,0,Item\Costume\HIL_EQU_COS_HALLOWEEN.mesh,Item\Costume\HIL_EQU_COS_HALLOWEEN_R.tpack,0,Item\Costume\WAR_EQU_COS_HALLOWEEN.mesh,Item\Costume\WAR_EQU_COS_HALLOWEEN_R.tpack,0,Item\Costume\ALO_EQU_COS_HALLOWEEN.mesh,Item\Costume\ALO_EQU_COS_HALLOWEEN_R.tpack,0,Item\Costume\DRG_EQU_COS_HALLOWEEN.mesh,Item\Costume\DRG_EQU_COS_HALLOWEEN_R.tpack,0,Item\Costume\BWZ_EQU_COS_HALLOWEEN.mesh,Item\Costume\BWZ_EQU_COS_HALLOWEEN_R.tpack,0,Item\Costume\WSU_EQU_COS_HALLOWEEN.mesh,Item\Costume\WSU_EQU_COS_HALLOWEEN_R.tpack,0,Item\Costume\MSE_EQU_COS_HALLOWEEN.mesh,Item\Costume\MSE_EQU_COS_HALLOWEEN_R.tpack,0,Item\Costume\HWA_EQU_COS_HALLOWEEN.mesh,Item\Costume\HWA_EQU_COS_HALLOWEEN_R.tpack,0,TRUE
54,Item\Costume\SWD_EQU_C_POLAR_BEAR.mesh,Item\Costume\SWD_EQU_C_BLACK_BEAR.tpack,0,Item\Costume\ARC_EQU_C_POLAR_BEAR.mesh,Item\Costume\ARC_EQU_C_BLACK_BEAR.tpack,0,Item\Costume\SOR_EQU_C_POLAR_BEAR.mesh,Item\Costume\SOR_EQU_C_BLACK_BEAR.tpack,0,Item\Costume\SUM_EQU_C_POLAR_BEAR.mesh,Item\Costume\SUM_EQU_C_BLACK_BEAR.tpack,0,Item\Costume\HIL_EQU_C_POLAR_BEAR.mesh,Item\Costume\HIL_EQU_C_BLACK_BEAR.tpack,0,Item\Costume\WAR_EQU_C_POLAR_BEAR.mesh,Item\Costume\WAR_EQU_C_BLACK_BEAR.tpack,0,Item\Costume\ALO_EQU_C_POLAR_BEAR.mesh,Item\Costume\ALO_EQU_C_BLACK_BEAR.tpack,0,Item\Costume\DRG_EQU_C_POLAR_BEAR.mesh,Item\Costume\DRG_EQU_C_BLACK_BEAR.tpack,0,Item\Costume\BWZ_EQU_C_POLAR_BEAR.mesh,Item\Costume\BWZ_EQU_C_BLACK_BEAR.tpack,0,Item\Costume\WSU_EQU_C_POLAR_BEAR.mesh,Item\Costume\WSU_EQU_C_BLACK_BEAR.tpack,0,Item\Costume\MSE_EQU_C_POLAR_BEAR.mesh,Item\Costume\MSE_EQU_C_BLACK_BEAR.tpack,0,Item\Costume\HWA_EQU_C_POLAR_BEAR.mesh,Item\Costume\HWA_EQU_C_BLACK_BEAR.tpack,0,TRUE
55,item\costume\SWD_EQU_C_POLAR_BEAR.mesh,item\costume\SWD_EQU_C_PANDA.tpack,0,item\costume\ARC_EQU_C_POLAR_BEAR.mesh,item\costume\ARC_EQU_C_PANDA.tpack,0,item\costume\SOR_EQU_C_POLAR_BEAR.mesh,item\costume\SOR_EQU_C_PANDA.tpack,0,item\costume\SUM_EQU_C_POLAR_BEAR.mesh,item\costume\SUM_EQU_C_PANDA.tpack,0,item\costume\HIL_EQU_C_POLAR_BEAR.mesh,item\costume\HIL_EQU_C_PANDA.tpack,0,item\costume\WAR_EQU_C_POLAR_BEAR.mesh,item\costume\WAR_EQU_C_PANDA.tpack,0,item\costume\ALO_EQU_C_POLAR_BEAR.mesh,item\costume\ALO_EQU_C_PANDA.tpack,0,item\costume\DRG_EQU_C_POLAR_BEAR.mesh,item\costume\DRG_EQU_C_PANDA.tpack,0,item\costume\BWZ_EQU_C_POLAR_BEAR.mesh,item\costume\BWZ_EQU_C_PANDA.tpack,0,item\costume\WSU_EQU_C_POLAR_BEAR.mesh,item\costume\WSU_EQU_C_PANDA.tpack,0,item\costume\MSE_EQU_C_POLAR_BEAR.mesh,item\costume\MSE_EQU_C_PANDA.tpack,0,item\costume\HWA_EQU_C_POLAR_BEAR.mesh,item\costume\HWA_EQU_C_PANDA.tpack,0,TRUE
56,Item\Costume\SWD_EQU_C_KOREA.mesh,Item\Costume\SWD_EQU_C_KOREA_GREEN.tpack,0,Item\Costume\ARC_EQU_C_KOREA.mesh,Item\Costume\ARC_EQU_C_KOREA_GREEN.tpack,0,Item\Costume\SOR_EQU_C_KOREA.mesh,Item\Costume\SOR_EQU_C_KOREA_GREEN.tpack,0,Item\Costume\SUM_EQU_C_KOREA.mesh,Item\Costume\SUM_EQU_C_KOREA_GREEN.tpack,0,Item\Costume\HIL_EQU_C_KOREA.mesh,Item\Costume\HIL_EQU_C_KOREA_GREEN.tpack,0,Item\Costume\WAR_EQU_C_KOREA.mesh,Item\Costume\WAR_EQU_C_KOREA.tpack,0,Item\Costume\ALO_EQU_C_KOREA.mesh,Item\Costume\ALO_EQU_C_KOREA_GREEN.tpack,0,Item\Costume\DRG_EQU_C_KOREA.mesh,Item\Costume\DRG_EQU_C_KOREA_GREEN.tpack,0,Item\Costume\BWZ_EQU_C_KOREA.mesh,Item\Costume\BWZ_EQU_C_KOREA_GREEN.tpack,0,Item\Costume\WSU_EQU_C_KOREA.mesh,Item\Costume\WSU_EQU_C_KOREA_GREEN.tpack,0,Item\Costume\MSE_EQU_C_KOREA.mesh,Item\Costume\MSE_EQU_C_KOREA_GREEN.tpack,0,Item\Costume\HWA_EQU_C_KOREA.mesh,Item\Costume\HWA_EQU_C_KOREA_GREEN.tpack,0,TRUE
57,Item\Costume\SWD_EQU_C_KOREA.mesh,Item\Costume\SWD_EQU_C_KOREA.tpack,0,Item\Costume\ARC_EQU_C_KOREA.mesh,Item\Costume\ARC_EQU_C_KOREA_BLUE.tpack,0,Item\Costume\SOR_EQU_C_KOREA.mesh,Item\Costume\SOR_EQU_C_KOREA_BLUE.tpack,0,Item\Costume\SUM_EQU_C_KOREA.mesh,Item\Costume\SUM_EQU_C_KOREA.tpack,0,Item\Costume\HIL_EQU_C_KOREA.mesh,Item\Costume\HIL_EQU_C_KOREA_BLUE.tpack,0,Item\Costume\WAR_EQU_C_KOREA.mesh,Item\Costume\WAR_EQU_C_KOREA_BLUE.tpack,0,Item\Costume\ALO_EQU_C_KOREA.mesh,Item\Costume\ALO_EQU_C_KOREA_BLUE.tpack,0,Item\Costume\DRG_EQU_C_KOREA.mesh,Item\Costume\DRG_EQU_C_KOREA_BLUE.tpack,0,Item\Costume\BWZ_EQU_C_KOREA.mesh,Item\Costume\BWZ_EQU_C_KOREA.tpack,0,Item\Costume\WSU_EQU_C_KOREA.mesh,Item\Costume\WSU_EQU_C_KOREA_BLUE.tpack,0,Item\Costume\MSE_EQU_C_KOREA.mesh,Item\Costume\MSE_EQU_C_KOREA.tpack,0,Item\Costume\HWA_EQU_C_KOREA.mesh,Item\Costume\HWA_EQU_C_KOREA_BLUE.tpack,0,TRUE
58,Item\Costume\SWD_EQU_COS_GLOBAL2.mesh,Item\Costume\SWD_EQU_COS_GLOBAL2_GOLD.tpack,0,Item\Costume\ARC_EQU_COS_GLOBAL2.mesh,Item\Costume\ARC_EQU_COS_GLOBAL2_GOLD.tpack,0,Item\Costume\SOR_EQU_COS_GLOBAL2.mesh,Item\Costume\SOR_EQU_COS_GLOBAL2_GOLD.tpack,0,Item\Costume\SUM_EQU_COS_GLOBAL2.mesh,Item\Costume\SUM_EQU_COS_GLOBAL2_GOLD.tpack,0,Item\Costume\HIL_EQU_COS_GLOBAL2.mesh,Item\Costume\HIL_EQU_COS_GLOBAL2_GOLD.tpack,0,Item\Costume\WAR_EQU_COS_GLOBAL2.mesh,Item\Costume\WAR_EQU_COS_GLOBAL2_GOLD.tpack,0,Item\Costume\ALO_EQU_COS_GLOBAL2.mesh,Item\Costume\ALO_EQU_COS_GLOBAL2_GOLD.tpack,0,Item\Costume\DRG_EQU_COS_GLOBAL2.mesh,Item\Costume\DRG_EQU_COS_GLOBAL2_GOLD.tpack,0,Item\Costume\BWZ_EQU_COS_GLOBAL2.mesh,Item\Costume\BWZ_EQU_COS_GLOBAL2_GOLD.tpack,0,Item\Costume\WSU_EQU_COS_GLOBAL2.mesh,Item\Costume\WSU_EQU_COS_GLOBAL2_GOLD.tpack,0,Item\Costume\MSE_EQU_COS_GLOBAL2.mesh,Item\Costume\MSE_EQU_COS_GLOBAL2_GOLD.tpack,0,Item\Costume\HWA_EQU_COS_GLOBAL2.mesh,Item\Costume\HWA_EQU_COS_GLOBAL2_GOLD.tpack,0,TRUE
59,Item\Costume\SWD_EQU_COS_GLOBAL2.mesh,Item\Costume\SWD_EQU_COS_GLOBAL2.tpack,0,Item\Costume\ARC_EQU_COS_GLOBAL2.mesh,Item\Costume\ARC_EQU_COS_GLOBAL2.tpack,0,Item\Costume\SOR_EQU_COS_GLOBAL2.mesh,Item\Costume\SOR_EQU_COS_GLOBAL2.tpack,0,Item\Costume\SUM_EQU_COS_GLOBAL2.mesh,Item\Costume\SUM_EQU_COS_GLOBAL2.tpack,0,Item\Costume\HIL_EQU_COS_GLOBAL2.mesh,Item\Costume\HIL_EQU_COS_GLOBAL2.tpack,0,Item\Costume\WAR_EQU_COS_GLOBAL2.mesh,Item\Costume\WAR_EQU_COS_GLOBAL2.tpack,0,Item\Costume\ALO_EQU_COS_GLOBAL2.mesh,Item\Costume\ALO_EQU_COS_GLOBAL2.tpack,0,Item\Costume\DRG_EQU_COS_GLOBAL2.mesh,Item\Costume\DRG_EQU_COS_GLOBAL2.tpack,0,Item\Costume\BWZ_EQU_COS_GLOBAL2.mesh,Item\Costume\BWZ_EQU_COS_GLOBAL2.tpack,0,Item\Costume\WSU_EQU_COS_GLOBAL2.mesh,Item\Costume\WSU_EQU_COS_GLOBAL2.tpack,0,Item\Costume\MSE_EQU_COS_GLOBAL2.mesh,Item\Costume\MSE_EQU_COS_GLOBAL2.tpack,0,Item\Costume\HWA_EQU_COS_GLOBAL2.mesh,Item\Costume\HWA_EQU_COS_GLOBAL2.tpack,0,TRUE
60,Item\Costume\SWD_EQU_PALADIN.mesh,Item\Costume\SWD_EQU_PALADIN.tpack,0,Item\Costume\ARC_EQU_PALADIN.mesh,Item\Costume\ARC_EQU_PALADIN.tpack,0,Item\Costume\SOR_EQU_PALADIN.mesh,Item\Costume\SOR_EQU_PALADIN.tpack,0,Item\Costume\SUM_EQU_PALADIN.mesh,Item\Costume\SUM_EQU_PALADIN.tpack,0,Item\Costume\HIL_EQU_PALADIN.mesh,Item\Costume\HIL_EQU_PALADIN.tpack,0,Item\Costume\WAR_EQU_PALADIN.mesh,Item\Costume\WAR_EQU_PALADIN.tpack,0,Item\Costume\ALO_EQU_PALADIN.mesh,Item\Costume\ALO_EQU_PALADIN.tpack,0,Item\Costume\DRG_EQU_PALADIN.mesh,Item\Costume\DRG_EQU_PALADIN.tpack,0,Item\Costume\BWZ_EQU_PALADIN.mesh,Item\Costume\BWZ_EQU_PALADIN.tpack,0,Item\Costume\WSU_EQU_PALADIN.mesh,Item\Costume\WSU_EQU_PALADIN.tpack,0,Item\Costume\MSE_EQU_PALADIN.mesh,Item\Costume\MSE_EQU_PALADIN.tpack,0,Item\Costume\HWA_EQU_PALADIN.mesh,Item\Costume\HWA_EQU_PALADIN.tpack,0,TRUE
61,Item\Costume\SWD_EQU_COS_SOCCER_UNIFORM.mesh,Item\Costume\SWD_EQU_COS_SOCCER_UNIFORM.tpack,0,Item\Costume\ARC_EQU_COS_SOCCER_UNIFORM.mesh,Item\Costume\ARC_EQU_COS_SOCCER_UNIFORM.tpack,0,Item\Costume\SOR_EQU_COS_SOCCER_UNIFORM.mesh,Item\Costume\SOR_EQU_COS_SOCCER_UNIFORM.tpack,0,Item\Costume\SUM_EQU_COS_SOCCER_UNIFORM.mesh,Item\Costume\SUM_EQU_COS_SOCCER_UNIFORM.tpack,0,Item\Costume\HIL_EQU_COS_SOCCER_UNIFORM.mesh,Item\Costume\HIL_EQU_COS_SOCCER_UNIFORM.tpack,0,Item\Costume\WAR_EQU_COS_SOCCER_UNIFORM.mesh,Item\Costume\WAR_EQU_COS_SOCCER_UNIFORM.tpack,0,Item\Costume\ALO_EQU_COS_SOCCER_UNIFORM.mesh,Item\Costume\ALO_EQU_COS_SOCCER_UNIFORM.tpack,0,Item\Costume\DRG_EQU_COS_SOCCER_UNIFORM.mesh,Item\Costume\DRG_EQU_COS_SOCCER_UNIFORM.tpack,0,Item\Costume\BWZ_EQU_COS_SOCCER_UNIFORM.mesh,Item\Costume\BWZ_EQU_COS_SOCCER_UNIFORM.tpack,0,Item\Costume\WSU_EQU_COS_SOCCER_UNIFORM.mesh,Item\Costume\WSU_EQU_COS_SOCCER_UNIFORM.tpack,0,Item\Costume\MSE_EQU_COS_SOCCER_UNIFORM.mesh,Item\Costume\MSE_EQU_COS_SOCCER_UNIFORM.tpack,0,Item\Costume\HWA_EQU_COS_SOCCER_UNIFORM.mesh,Item\Costume\HWA_EQU_COS_SOCCER_UNIFORM.tpack,0,TRUE
62,Item\Costume\SWD_EQU_COS_SOCCER_UNIFORM.mesh,Item\Costume\SWD_EQU_COS_SOCCER_UNIFORM_CAPTAIN.tpack,0,Item\Costume\ARC_EQU_COS_SOCCER_UNIFORM.mesh,Item\Costume\ARC_EQU_COS_SOCCER_UNIFORM_CAPTAIN.tpack,0,Item\Costume\SOR_EQU_COS_SOCCER_UNIFORM.mesh,Item\Costume\SOR_EQU_COS_SOCCER_UNIFORM_CAPTAIN.tpack,0,Item\Costume\SUM_EQU_COS_SOCCER_UNIFORM.mesh,Item\Costume\SUM_EQU_COS_SOCCER_UNIFORM_CAPTAIN.tpack,0,Item\Costume\HIL_EQU_COS_SOCCER_UNIFORM.mesh,Item\Costume\HIL_EQU_COS_SOCCER_UNIFORM_CAPTAIN.tpack,0,Item\Costume\WAR_EQU_COS_SOCCER_UNIFORM.mesh,Item\Costume\WAR_EQU_COS_SOCCER_UNIFORM_CAPTAIN.tpack,0,Item\Costume\ALO_EQU_COS_SOCCER_UNIFORM.mesh,Item\Costume\ALO_EQU_COS_SOCCER_UNIFORM_CAPTAIN.tpack,0,Item\Costume\DRG_EQU_COS_SOCCER_UNIFORM.mesh,Item\Costume\DRG_EQU_COS_SOCCER_UNIFORM_CAPTAIN.tpack,0,Item\Costume\BWZ_EQU_COS_SOCCER_UNIFORM.mesh,Item\Costume\BWZ_EQU_COS_SOCCER_UNIFORM_CAPTAIN.tpack,0,Item\Costume\WSU_EQU_COS_SOCCER_UNIFORM.mesh,Item\Costume\WSU_EQU_COS_SOCCER_UNIFORM_CAPTAIN.tpack,0,Item\Costume\MSE_EQU_COS_SOCCER_UNIFORM.mesh,Item\Costume\MSE_EQU_COS_SOCCER_UNIFORM_CAPTAIN.tpack,0,Item\Costume\HWA_EQU_COS_SOCCER_UNIFORM.mesh,Item\Costume\HWA_EQU_COS_SOCCER_UNIFORM_CAPTAIN.tpack,0,TRUE
63,Item\Costume\SWD_EQU_COS_Gummy.mesh,Item\Costume\SWD_EQU_COS_Gummy_silver.tpack,0,Item\Costume\ARC_EQU_COS_Gummy.mesh,Item\Costume\ARC_EQU_COS_Gummy_silver.tpack,0,Item\Costume\SOR_EQU_COS_Gummy.mesh,Item\Costume\SOR_EQU_COS_Gummy_silver.tpack,0,Item\Costume\SUM_EQU_COS_Gummy.mesh,Item\Costume\SUM_EQU_COS_Gummy_silver.tpack,0,Item\Costume\HIL_EQU_COS_Gummy.mesh,Item\Costume\HIL_EQU_COS_Gummy_silver.tpack,0,Item\Costume\WAR_EQU_COS_Gummy.mesh,Item\Costume\WAR_EQU_COS_Gummy_silver.tpack,0,Item\Costume\ALO_EQU_COS_Gummy.mesh,Item\Costume\ALO_EQU_COS_Gummy_silver.tpack,0,Item\Costume\DRG_EQU_COS_Gummy.mesh,Item\Costume\DRG_EQU_COS_Gummy_silver.tpack,0,Item\Costume\BWZ_EQU_COS_Gummy.mesh,Item\Costume\BWZ_EQU_COS_Gummy_silver.tpack,0,Item\Costume\WSU_EQU_COS_Gummy.mesh,Item\Costume\WSU_EQU_COS_Gummy_silver.tpack,0,Item\Costume\MSE_EQU_COS_Gummy.mesh,Item\Costume\MSE_EQU_COS_Gummy_silver.tpack,0,Item\Costume\HWA_EQU_COS_Gummy.mesh,Item\Costume\HWA_EQU_COS_Gummy_silver.tpack,0,TRUE
64,Item\Costume\SWD_EQU_PALADIN.mesh,Item\Costume\SWD_EQU_PALADIN_B.tpack,0,Item\Costume\ARC_EQU_PALADIN.mesh,Item\Costume\ARC_EQU_PALADIN_B.tpack,0,Item\Costume\SOR_EQU_PALADIN.mesh,Item\Costume\SOR_EQU_PALADIN_B.tpack,0,Item\Costume\SUM_EQU_PALADIN.mesh,Item\Costume\SUM_EQU_PALADIN_B.tpack,0,Item\Costume\HIL_EQU_PALADIN.mesh,Item\Costume\HIL_EQU_PALADIN_B.tpack,0,Item\Costume\WAR_EQU_PALADIN.mesh,Item\Costume\WAR_EQU_PALADIN_B.tpack,0,Item\Costume\ALO_EQU_PALADIN.mesh,Item\Costume\ALO_EQU_PALADIN_B.tpack,0,Item\Costume\DRG_EQU_PALADIN.mesh,Item\Costume\DRG_EQU_PALADIN_B.tpack,0,Item\Costume\BWZ_EQU_PALADIN.mesh,Item\Costume\BWZ_EQU_PALADIN_B.tpack,0,Item\Costume\WSU_EQU_PALADIN.mesh,Item\Costume\WSU_EQU_PALADIN_B.tpack,0,Item\Costume\MSE_EQU_PALADIN.mesh,Item\Costume\MSE_EQU_PALADIN_B.tpack,0,Item\Costume\HWA_EQU_PALADIN.mesh,Item\Costume\HWA_EQU_PALADIN_B.tpack,0,TRUE
65,Item\Costume\SWD_EQU_C_ASSASSIN.mesh,Item\Costume\SWD_EQU_C_ASSASSIN_R.tpack,0,Item\Costume\ARC_EQU_C_ASSASSIN.mesh,Item\Costume\ARC_EQU_C_ASSASSIN_R.tpack,0,Item\Costume\SOR_EQU_C_ASSASSIN.mesh,Item\Costume\SOR_EQU_C_ASSASSIN_R.tpack,0,Item\Costume\SUM_EQU_C_ASSASSIN.mesh,Item\Costume\SUM_EQU_C_ASSASSIN_R.tpack,0,Item\Costume\HIL_EQU_C_ASSASSIN.mesh,Item\Costume\HIL_EQU_C_ASSASSIN_R.tpack,0,Item\Costume\WAR_EQU_C_ASSASSIN.mesh,Item\Costume\WAR_EQU_C_ASSASSIN_R.tpack,0,Item\Costume\ALO_EQU_C_ASSASSIN.mesh,Item\Costume\ALO_EQU_C_ASSASSIN_R.tpack,0,Item\Costume\DRG_EQU_C_ASSASSIN.mesh,Item\Costume\DRG_EQU_C_ASSASSIN_R.tpack,0,Item\Costume\BWZ_EQU_C_ASSASSIN.mesh,Item\Costume\BWZ_EQU_C_ASSASSIN_R.tpack,0,Item\Costume\WSU_EQU_C_ASSASSIN.mesh,Item\Costume\WSU_EQU_C_ASSASSIN_R.tpack,0,Item\Costume\MSE_EQU_C_ASSASSIN.mesh,Item\Costume\MSE_EQU_C_ASSASSIN_R.tpack,0,Item\Costume\HWA_EQU_C_ASSASSIN.mesh,Item\Costume\HWA_EQU_C_ASSASSIN_R.tpack,0,TRUE
66,Item\Costume\SWD_EQU_C_ASSASSIN.mesh,Item\Costume\SWD_EQU_C_ASSASSIN_B.tpack,0,Item\Costume\ARC_EQU_C_ASSASSIN.mesh,Item\Costume\ARC_EQU_C_ASSASSIN_B.tpack,0,Item\Costume\SOR_EQU_C_ASSASSIN.mesh,Item\Costume\SOR_EQU_C_ASSASSIN_B.tpack,0,Item\Costume\SUM_EQU_C_ASSASSIN.mesh,Item\Costume\SUM_EQU_C_ASSASSIN_B.tpack,0,Item\Costume\HIL_EQU_C_ASSASSIN.mesh,Item\Costume\HIL_EQU_C_ASSASSIN_B.tpack,0,Item\Costume\WAR_EQU_C_ASSASSIN.mesh,Item\Costume\WAR_EQU_C_ASSASSIN_B.tpack,0,Item\Costume\ALO_EQU_C_ASSASSIN.mesh,Item\Costume\ALO_EQU_C_ASSASSIN_B.tpack,0,Item\Costume\DRG_EQU_C_ASSASSIN.mesh,Item\Costume\DRG_EQU_C_ASSASSIN_B.tpack,0,Item\Costume\BWZ_EQU_C_ASSASSIN.mesh,Item\Costume\BWZ_EQU_C_ASSASSIN_B.tpack,0,Item\Costume\WSU_EQU_C_ASSASSIN.mesh,Item\Costume\WSU_EQU_C_ASSASSIN_B.tpack,0,Item\Costume\MSE_EQU_C_ASSASSIN.mesh,Item\Costume\MSE_EQU_C_ASSASSIN_B.tpack,0,Item\Costume\HWA_EQU_C_ASSASSIN.mesh,Item\Costume\HWA_EQU_C_ASSASSIN_B.tpack,0,TRUE
67,Item\Costume\SWD_EQU_C_ASSASSIN.mesh,Item\Costume\SWD_EQU_C_ASSASSIN_G.tpack,0,Item\Costume\ARC_EQU_C_ASSASSIN.mesh,Item\Costume\ARC_EQU_C_ASSASSIN_G.tpack,0,Item\Costume\SOR_EQU_C_ASSASSIN.mesh,Item\Costume\SOR_EQU_C_ASSASSIN_G.tpack,0,Item\Costume\SUM_EQU_C_ASSASSIN.mesh,Item\Costume\SUM_EQU_C_ASSASSIN_G.tpack,0,Item\Costume\HIL_EQU_C_ASSASSIN.mesh,Item\Costume\HIL_EQU_C_ASSASSIN_G.tpack,0,Item\Costume\WAR_EQU_C_ASSASSIN.mesh,Item\Costume\WAR_EQU_C_ASSASSIN_G.tpack,0,Item\Costume\ALO_EQU_C_ASSASSIN.mesh,Item\Costume\ALO_EQU_C_ASSASSIN_G.tpack,0,Item\Costume\DRG_EQU_C_ASSASSIN.mesh,Item\Costume\DRG_EQU_C_ASSASSIN_G.tpack,0,Item\Costume\BWZ_EQU_C_ASSASSIN.mesh,Item\Costume\BWZ_EQU_C_ASSASSIN_G.tpack,0,Item\Costume\WSU_EQU_C_ASSASSIN.mesh,Item\Costume\WSU_EQU_C_ASSASSIN_G.tpack,0,Item\Costume\MSE_EQU_C_ASSASSIN.mesh,Item\Costume\MSE_EQU_C_ASSASSIN_G.tpack,0,Item\Costume\HWA_EQU_C_ASSASSIN.mesh,Item\Costume\HWA_EQU_C_ASSASSIN_G.tpack,0,TRUE
68,Item\Costume\SWD_EQU_PALADIN.mesh,Item\Costume\SWD_EQU_PALADIN_B.tpack,0,Item\Costume\ARC_EQU_PALADIN.mesh,Item\Costume\ARC_EQU_PALADIN_B.tpack,0,Item\Costume\SOR_EQU_PALADIN.mesh,Item\Costume\SOR_EQU_PALADIN_B.tpack,0,Item\Costume\SUM_EQU_PALADIN.mesh,Item\Costume\SUM_EQU_PALADIN_B.tpack,0,Item\Costume\HIL_EQU_PALADIN.mesh,Item\Costume\HIL_EQU_PALADIN_B.tpack,0,Item\Costume\WAR_EQU_PALADIN.mesh,Item\Costume\WAR_EQU_PALADIN_B.tpack,0,Item\Costume\ALO_EQU_PALADIN.mesh,Item\Costume\ALO_EQU_PALADIN_B.tpack,0,Item\Costume\DRG_EQU_PALADIN.mesh,Item\Costume\DRG_EQU_PALADIN_B.tpack,0,Item\Costume\BWZ_EQU_PALADIN.mesh,Item\Costume\BWZ_EQU_PALADIN_B.tpack,0,Item\Costume\WSU_EQU_PALADIN.mesh,Item\Costume\WSU_EQU_PALADIN_B.tpack,0,Item\Costume\MSE_EQU_PALADIN.mesh,Item\Costume\MSE_EQU_PALADIN_B.tpack,0,Item\Costume\HWA_EQU_PALADIN.mesh,Item\Costume\HWA_EQU_PALADIN_B.tpack,0,TRUE
69,item\costume\SWD_EQU_C_SKULLMASK.mesh,item\costume\SWD_EQU_C_SKULLMASK.tpack,0,item\costume\ARC_EQU_C_SKULLMASK.mesh,item\costume\ARC_EQU_C_SKULLMASK.tpack,0,item\costume\SOR_EQU_C_SKULLMASK.mesh,item\costume\SOR_EQU_C_SKULLMASK.tpack,0,item\costume\SUM_EQU_C_SKULLMASK.mesh,item\costume\SUM_EQU_C_SKULLMASK.tpack,0,item\costume\HIL_EQU_C_SKULLMASK.mesh,item\costume\HIL_EQU_C_SKULLMASK.tpack,0,item\costume\WAR_EQU_C_SKULLMASK.mesh,item\costume\WAR_EQU_C_SKULLMASK.tpack,0,item\costume\ALO_EQU_C_SKULLMASK.mesh,item\costume\ALO_EQU_C_SKULLMASK.tpack,0,item\costume\DRG_EQU_C_SKULLMASK.mesh,item\costume\DRG_EQU_C_SKULLMASK.tpack,0,item\costume\BWZ_EQU_C_SKULLMASK.mesh,item\costume\BWZ_EQU_C_SKULLMASK.tpack,0,item\costume\WSU_EQU_C_SKULLMASK.mesh,item\costume\WSU_EQU_C_SKULLMASK.tpack,0,item\costume\MSE_EQU_C_SKULLMASK.mesh,item\costume\MSE_EQU_C_SKULLMASK.tpack,0,item\costume\HWA_EQU_C_SKULLMASK.mesh,item\costume\HWA_EQU_C_SKULLMASK.tpack,0,TRUE
70,Item\Costume\SWD_EQU_COS_SOCCER_UNIFORM.mesh,Item\Costume\SWD_EQU_COS_SOCCER_UNIFORM_B.tpack,0,Item\Costume\ARC_EQU_COS_SOCCER_UNIFORM.mesh,Item\Costume\ARC_EQU_COS_SOCCER_UNIFORM_B.tpack,0,Item\Costume\SOR_EQU_COS_SOCCER_UNIFORM.mesh,Item\Costume\SOR_EQU_COS_SOCCER_UNIFORM_B.tpack,0,Item\Costume\SUM_EQU_COS_SOCCER_UNIFORM.mesh,Item\Costume\SUM_EQU_COS_SOCCER_UNIFORM_B.tpack,0,Item\Costume\HIL_EQU_COS_SOCCER_UNIFORM.mesh,Item\Costume\HIL_EQU_COS_SOCCER_UNIFORM_B.tpack,0,Item\Costume\WAR_EQU_COS_SOCCER_UNIFORM.mesh,Item\Costume\WAR_EQU_COS_SOCCER_UNIFORM_B.tpack,0,Item\Costume\ALO_EQU_COS_SOCCER_UNIFORM.mesh,Item\Costume\ALO_EQU_COS_SOCCER_UNIFORM_B.tpack,0,Item\Costume\DRG_EQU_COS_SOCCER_UNIFORM.mesh,Item\Costume\DRG_EQU_COS_SOCCER_UNIFORM_B.tpack,0,Item\Costume\BWZ_EQU_COS_SOCCER_UNIFORM.mesh,Item\Costume\BWZ_EQU_COS_SOCCER_UNIFORM_W.tpack,0,Item\Costume\WSU_EQU_COS_SOCCER_UNIFORM.mesh,Item\Costume\WSU_EQU_COS_SOCCER_UNIFORM_W.tpack,0,Item\Costume\MSE_EQU_COS_SOCCER_UNIFORM.mesh,Item\Costume\MSE_EQU_COS_SOCCER_UNIFORM_W.tpack,0,Item\Costume\HWA_EQU_COS_SOCCER_UNIFORM.mesh,Item\Costume\HWA_EQU_COS_SOCCER_UNIFORM_W.tpack,0,TRUE
71,Item\Costume\SWD_EQU_COS_SOCCER_UNIFORM.mesh,Item\Costume\SWD_EQU_COS_SOCCER_UNIFORM_W.tpack,0,Item\Costume\ARC_EQU_COS_SOCCER_UNIFORM.mesh,Item\Costume\ARC_EQU_COS_SOCCER_UNIFORM_W.tpack,0,Item\Costume\SOR_EQU_COS_SOCCER_UNIFORM.mesh,Item\Costume\SOR_EQU_COS_SOCCER_UNIFORM_W.tpack,0,Item\Costume\SUM_EQU_COS_SOCCER_UNIFORM.mesh,Item\Costume\SUM_EQU_COS_SOCCER_UNIFORM_W.tpack,0,Item\Costume\HIL_EQU_COS_SOCCER_UNIFORM.mesh,Item\Costume\HIL_EQU_COS_SOCCER_UNIFORM_W.tpack,0,Item\Costume\WAR_EQU_COS_SOCCER_UNIFORM.mesh,Item\Costume\WAR_EQU_COS_SOCCER_UNIFORM_W.tpack,0,Item\Costume\ALO_EQU_COS_SOCCER_UNIFORM.mesh,Item\Costume\ALO_EQU_COS_SOCCER_UNIFORM_W.tpack,0,Item\Costume\DRG_EQU_COS_SOCCER_UNIFORM.mesh,Item\Costume\DRG_EQU_COS_SOCCER_UNIFORM_W.tpack,0,Item\Costume\BWZ_EQU_COS_SOCCER_UNIFORM.mesh,Item\Costume\BWZ_EQU_COS_SOCCER_UNIFORM_W.tpack,0,Item\Costume\WSU_EQU_COS_SOCCER_UNIFORM.mesh,Item\Costume\WSU_EQU_COS_SOCCER_UNIFORM_W.tpack,0,Item\Costume\MSE_EQU_COS_SOCCER_UNIFORM.mesh,Item\Costume\MSE_EQU_COS_SOCCER_UNIFORM_W.tpack,0,Item\Costume\HWA_EQU_COS_SOCCER_UNIFORM.mesh,Item\Costume\HWA_EQU_COS_SOCCER_UNIFORM_W.tpack,0,TRUE
72,Item\Costume\SWD_EQU_COS_FLOWER_CAP.mesh,Item\Costume\SWD_EQU_COS_FLOWER_CAP.tpack,0,Item\Costume\ARC_EQU_COS_FLOWER_CAP.mesh,Item\Costume\ARC_EQU_COS_FLOWER_CAP.tpack,0,Item\Costume\SOR_EQU_COS_FLOWER_CAP.mesh,Item\Costume\SOR_EQU_COS_FLOWER_CAP.tpack,0,Item\Costume\SUM_EQU_COS_FLOWER_CAP.mesh,Item\Costume\SUM_EQU_COS_FLOWER_CAP.tpack,0,Item\Costume\HIL_EQU_COS_FLOWER_CAP.mesh,Item\Costume\HIL_EQU_COS_FLOWER_CAP.tpack,0,Item\Costume\WAR_EQU_COS_FLOWER_CAP.mesh,Item\Costume\WAR_EQU_COS_FLOWER_CAP.tpack,0,Item\Costume\ALO_EQU_COS_FLOWER_CAP.mesh,Item\Costume\ALO_EQU_COS_FLOWER_CAP.tpack,0,Item\Costume\DRG_EQU_COS_FLOWER_CAP.mesh,Item\Costume\DRG_EQU_COS_FLOWER_CAP.tpack,0,Item\Costume\BWZ_EQU_COS_FLOWER_CAP.mesh,Item\Costume\BWZ_EQU_COS_FLOWER_CAP.tpack,0,Item\Costume\WSU_EQU_COS_FLOWER_CAP.mesh,Item\Costume\WSU_EQU_COS_FLOWER_CAP.tpack,0,Item\Costume\MSE_EQU_COS_FLOWER_CAP.mesh,Item\Costume\MSE_EQU_COS_FLOWER_CAP.tpack,0,Item\Costume\HWA_EQU_COS_FLOWER_CAP.mesh,Item\Costume\HWA_EQU_COS_FLOWER_CAP.tpack,0,TRUE
73,item\Costume\SWD_EQU_COS_VAMPIRE.mesh,item\Costume\SWD_EQU_COS_VAMPIRE.tpack,0,Item\Costume\ARC_EQU_COS_WITCH_MAID.mesh,Item\Costume\ARC_EQU_COS_WITCH_MAID.tpack,0,Item\Costume\SOR_EQU_COS_WITCH_MAID.mesh,Item\Costume\SOR_EQU_COS_WITCH_MAID.tpack,0,item\Costume\SUM_EQU_COS_VAMPIRE.mesh,item\Costume\SUM_EQU_COS_VAMPIRE.tpack,0,Item\Costume\HIL_EQU_COS_WITCH_MAID.mesh,Item\Costume\HIL_EQU_COS_WITCH_MAID.tpack,0,item\Costume\WAR_EQU_COS_VAMPIRE.mesh,item\Costume\WAR_EQU_COS_VAMPIRE.tpack,0,Item\Costume\ALO_EQU_COS_WITCH_MAID.mesh,Item\Costume\ALO_EQU_COS_WITCH_MAID.tpack,0,Item\Costume\DRG_EQU_COS_WITCH_MAID.mesh,Item\Costume\DRG_EQU_COS_WITCH_MAID.tpack,0,item\Costume\BWZ_EQU_COS_VAMPIRE.mesh,item\Costume\BWZ_EQU_COS_VAMPIRE.tpack,0,Item\Costume\WSU_EQU_COS_WITCH_MAID.mesh,Item\Costume\WSU_EQU_COS_WITCH_MAID.tpack,0,item\Costume\MSE_EQU_COS_VAMPIRE.mesh,item\Costume\MSE_EQU_COS_VAMPIRE.tpack,0,Item\Costume\HWA_EQU_COS_WITCH_MAID.mesh,Item\Costume\HWA_EQU_COS_WITCH_MAID.tpack,0,TRUE
74,item\Costume\SWD_EQU_COS_WINTER.mesh,item\Costume\SWD_EQU_COS_WINTER.tpack,0,Item\Costume\ARC_EQU_COS_WINTER.mesh,Item\Costume\ARC_EQU_COS_WINTER.tpack,0,Item\Costume\SOR_EQU_COS_WINTER.mesh,Item\Costume\SOR_EQU_COS_WINTER.tpack,0,item\Costume\SUM_EQU_COS_WINTER.mesh,item\Costume\SUM_EQU_COS_WINTER.tpack,0,Item\Costume\HIL_EQU_COS_WINTER.mesh,Item\Costume\HIL_EQU_COS_WINTER.tpack,0,item\Costume\WAR_EQU_COS_WINTER.mesh,item\Costume\WAR_EQU_COS_WINTER.tpack,0,Item\Costume\ALO_EQU_COS_WINTER.mesh,Item\Costume\ALO_EQU_COS_WINTER.tpack,0,Item\Costume\DRG_EQU_COS_WINTER.mesh,Item\Costume\DRG_EQU_COS_WINTER.tpack,0,item\Costume\BWZ_EQU_COS_WINTER.mesh,item\Costume\BWZ_EQU_COS_WINTER.tpack,0,Item\Costume\WSU_EQU_COS_WINTER.mesh,Item\Costume\WSU_EQU_COS_WINTER.tpack,0,item\Costume\MSE_EQU_COS_WINTER.mesh,item\Costume\MSE_EQU_COS_WINTER.tpack,0,Item\Costume\HWA_EQU_COS_WINTER.mesh,Item\Costume\HWA_EQU_COS_WINTER.tpack,0,TRUE
75,item\Costume\SWD_EQU_COS_MONKEY_M.mesh,item\Costume\EQU_COS_MONKEY_M.tpack,0,Item\Costume\ARC_EQU_COS_MONKEY_W.mesh,Item\Costume\ARC_EQU_COS_MONKEY_W.tpack,0,Item\Costume\SOR_EQU_COS_MONKEY_W.mesh,Item\Costume\SOR_EQU_COS_MONKEY_W.tpack,0,item\Costume\SUM_EQU_COS_MONKEY_M.mesh,item\Costume\EQU_COS_MONKEY_M.tpack,0,Item\Costume\HIL_EQU_COS_MONKEY_W.mesh,Item\Costume\HIL_EQU_COS_MONKEY_W.tpack,0,item\Costume\WAR_EQU_COS_MONKEY_M.mesh,item\Costume\EQU_COS_MONKEY_M.tpack,0,Item\Costume\ALO_EQU_COS_MONKEY_W.mesh,Item\Costume\ALO_EQU_COS_MONKEY_W.tpack,0,Item\Costume\DRG_EQU_COS_MONKEY_W.mesh,Item\Costume\DRG_EQU_COS_MONKEY_W.tpack,0,item\Costume\BWZ_EQU_COS_MONKEY_M.mesh,item\Costume\EQU_COS_MONKEY_M.tpack,0,Item\Costume\WSU_EQU_COS_MONKEY_W.mesh,Item\Costume\WSU_EQU_COS_MONKEY_W.tpack,0,item\Costume\MSE_EQU_COS_MONKEY_M.mesh,item\Costume\EQU_COS_MONKEY_M.tpack,0,Item\Costume\HWA_EQU_COS_MONKEY_W.mesh,Item\Costume\HWA_EQU_COS_MONKEY_W.tpack,0,TRUE
76,item\costume\SWD_COS_MONKEY_MASK.mesh,item\costume\COS_MONKEY_MASK.tpack,0,item\costume\ARC_COS_MONKEY_MASK.mesh,item\costume\COS_MONKEY_MASK.tpack,0,item\costume\SOR_COS_MONKEY_MASK.mesh,item\costume\COS_MONKEY_MASK.tpack,0,item\costume\SUM_COS_MONKEY_MASK.mesh,item\costume\COS_MONKEY_MASK.tpack,0,item\costume\HIL_COS_MONKEY_MASK.mesh,item\costume\COS_MONKEY_MASK.tpack,0,item\costume\WAR_COS_MONKEY_MASK.mesh,item\costume\COS_MONKEY_MASK.tpack,0,item\costume\ALO_COS_MONKEY_MASK.mesh,item\costume\COS_MONKEY_MASK.tpack,0,item\costume\DRG_COS_MONKEY_MASK.mesh,item\costume\COS_MONKEY_MASK.tpack,0,item\costume\BWZ_COS_MONKEY_MASK.mesh,item\costume\COS_MONKEY_MASK.tpack,0,item\costume\WSU_COS_MONKEY_MASK.mesh,item\costume\COS_MONKEY_MASK.tpack,0,item\costume\MSE_COS_MONKEY_MASK.mesh,item\costume\COS_MONKEY_MASK.tpack,0,item\costume\HWA_COS_MONKEY_MASK.mesh,item\costume\COS_MONKEY_MASK.tpack,0,TRUE
77,item\Costume\SWD_EQU_COS_MONKEY_M.mesh,item\Costume\EQU_COS_MONKEY_M_Black.tpack,0,Item\Costume\ARC_EQU_COS_MONKEY_W.mesh,Item\Costume\ARC_EQU_COS_MONKEY_W_Black.tpack,0,Item\Costume\SOR_EQU_COS_MONKEY_W.mesh,Item\Costume\SOR_EQU_COS_MONKEY_W_Black.tpack,0,item\Costume\SUM_EQU_COS_MONKEY_M.mesh,item\Costume\EQU_COS_MONKEY_M_Black.tpack,0,Item\Costume\HIL_EQU_COS_MONKEY_W.mesh,Item\Costume\HIL_EQU_COS_MONKEY_W_Black.tpack,0,item\Costume\WAR_EQU_COS_MONKEY_M.mesh,item\Costume\EQU_COS_MONKEY_M_Black.tpack,0,Item\Costume\ALO_EQU_COS_MONKEY_W.mesh,Item\Costume\ALO_EQU_COS_MONKEY_W_Black.tpack,0,Item\Costume\DRG_EQU_COS_MONKEY_W.mesh,Item\Costume\DRG_EQU_COS_MONKEY_W_Black.tpack,0,item\Costume\BWZ_EQU_COS_MONKEY_M.mesh,item\Costume\EQU_COS_MONKEY_M_Black.tpack,0,Item\Costume\WSU_EQU_COS_MONKEY_W.mesh,Item\Costume\WSU_EQU_COS_MONKEY_W_Black.tpack,0,item\Costume\MSE_EQU_COS_MONKEY_M.mesh,item\Costume\EQU_COS_MONKEY_M_Black.tpack,0,Item\Costume\HWA_EQU_COS_MONKEY_W.mesh,Item\Costume\HWA_EQU_COS_MONKEY_W_Black.tpack,0,TRUE
78,item\Costume\SWD_EQU_COS_MONKEY_M.mesh,item\Costume\EQU_COS_MONKEY_M_Red.tpack,0,Item\Costume\ARC_EQU_COS_MONKEY_W.mesh,Item\Costume\ARC_EQU_COS_MONKEY_W_Red.tpack,0,Item\Costume\SOR_EQU_COS_MONKEY_W.mesh,Item\Costume\SOR_EQU_COS_MONKEY_W_Red.tpack,0,item\Costume\SUM_EQU_COS_MONKEY_M.mesh,item\Costume\EQU_COS_MONKEY_M_Red.tpack,0,Item\Costume\HIL_EQU_COS_MONKEY_W.mesh,Item\Costume\HIL_EQU_COS_MONKEY_W_Red.tpack,0,item\Costume\WAR_EQU_COS_MONKEY_M.mesh,item\Costume\EQU_COS_MONKEY_M_Red.tpack,0,Item\Costume\ALO_EQU_COS_MONKEY_W.mesh,Item\Costume\ALO_EQU_COS_MONKEY_W_Red.tpack,0,Item\Costume\DRG_EQU_COS_MONKEY_W.mesh,Item\Costume\DRG_EQU_COS_MONKEY_W_Red.tpack,0,item\Costume\BWZ_EQU_COS_MONKEY_M.mesh,item\Costume\EQU_COS_MONKEY_M_Red.tpack,0,Item\Costume\WSU_EQU_COS_MONKEY_W.mesh,Item\Costume\WSU_EQU_COS_MONKEY_W_Red.tpack,0,item\Costume\MSE_EQU_COS_MONKEY_M.mesh,item\Costume\EQU_COS_MONKEY_M_Red.tpack,0,Item\Costume\HWA_EQU_COS_MONKEY_W.mesh,Item\Costume\HWA_EQU_COS_MONKEY_W_Red.tpack,0,TRUE
79,item\Costume\SWD_EQU_COS_GM.mesh,item\Costume\SWD_EQU_COS_GM.tpack,0,Item\Costume\ARC_EQU_COS_GM.mesh,Item\Costume\ARC_EQU_COS_GM.tpack,0,Item\Costume\SOR_EQU_COS_GM.mesh,Item\Costume\SOR_EQU_COS_GM.tpack,0,item\Costume\SUM_EQU_COS_GM.mesh,item\Costume\SUM_EQU_COS_GM.tpack,0,Item\Costume\HIL_EQU_COS_GM.mesh,Item\Costume\HIL_EQU_COS_GM.tpack,0,item\Costume\WAR_EQU_COS_GM.mesh,item\Costume\WAR_EQU_COS_GM.tpack,0,Item\Costume\ALO_EQU_COS_GM.mesh,Item\Costume\ALO_EQU_COS_GM.tpack,0,Item\Costume\DRG_EQU_COS_GM.mesh,Item\Costume\DRG_EQU_COS_GM.tpack,0,item\Costume\BWZ_EQU_COS_GM.mesh,item\Costume\BWZ_EQU_COS_GM.tpack,0,Item\Costume\WSU_EQU_COS_GM.mesh,Item\Costume\WSU_EQU_COS_GM.tpack,0,item\Costume\MSE_EQU_COS_GM.mesh,item\Costume\MSE_EQU_COS_GM.tpack,0,Item\Costume\HWA_EQU_COS_GM.mesh,Item\Costume\HWA_EQU_COS_GM.tpack,0,TRUE
80,Item\Costume\SWD_EQU_C013.mesh,Item\Costume\SWD_EQU_C013.tpack,233,Item\Costume\ARC_EQU_C013.mesh,Item\Costume\ARC_EQU_C013.tpack,233,Item\Costume\SOR_EQU_C013.mesh,Item\Costume\SOR_EQU_C013.tpack,233,Item\Costume\SUM_EQU_C013.mesh,Item\Costume\SUM_EQU_C013.tpack,233,Item\Costume\HIL_EQU_C013.mesh,Item\Costume\HIL_EQU_C013.tpack,233,Item\Costume\WAR_EQU_C013.mesh,Item\Costume\WAR_EQU_C013.tpack,234,Item\Costume\ALO_EQU_C013.mesh,Item\Costume\ALO_EQU_C013.tpack,233,Item\Costume\DRG_EQU_C013.mesh,Item\Costume\DRG_EQU_C013.tpack,232,Item\Costume\BWZ_EQU_C013.mesh,Item\Costume\BWZ_EQU_C013.tpack,233,Item\Costume\WSU_EQU_C013.mesh,Item\Costume\WSU_EQU_C013.tpack,233,Item\Costume\MSE_EQU_C013.mesh,Item\Costume\MSE_EQU_C013.tpack,233,Item\Costume\HWA_EQU_C013.mesh,Item\Costume\HWA_EQU_C013.tpack,233,TRUE
81,item\costume\SWD_EQU_C_EPIC.mesh,item\costume\SWD_EQU_C_EPIC.tpack,0,item\costume\ARC_EQU_C_EPIC.mesh,item\costume\ARC_EQU_C_EPIC.tpack,0,item\costume\SOR_EQU_C_EPIC.mesh,item\costume\SOR_EQU_C_EPIC.tpack,0,item\costume\SUM_EQU_C_EPIC.mesh,item\costume\SUM_EQU_C_EPIC.tpack,0,item\costume\HIL_EQU_C_EPIC.mesh,item\costume\HIL_EQU_C_EPIC.tpack,0,item\costume\WAR_EQU_C_EPIC.mesh,item\costume\WAR_EQU_C_EPIC.tpack,0,item\costume\ALO_EQU_C_EPIC.mesh,item\costume\ALO_EQU_C_EPIC.tpack,0,item\costume\DRG_EQU_C_EPIC.mesh,item\costume\DRG_EQU_C_EPIC.tpack,0,item\costume\BWZ_EQU_C_EPIC.mesh,item\costume\BWZ_EQU_C_EPIC.tpack,0,item\costume\WSU_EQU_C_EPIC.mesh,item\costume\WSU_EQU_C_EPIC.tpack,0,item\costume\MSE_EQU_C_EPIC.mesh,item\costume\MSE_EQU_C_EPIC.tpack,0,item\costume\HWA_EQU_C_EPIC.mesh,item\costume\HWA_EQU_C_EPIC.tpack,0,TRUE
82,Item\Costume\SWD_EQU_C_KOREA.mesh,Item\Costume\SWD_EQU_C_KOREA_WHITE.tpack,0,Item\Costume\ARC_EQU_C_KOREA.mesh,Item\Costume\ARC_EQU_C_KOREA_WHITE.tpack,0,Item\Costume\SOR_EQU_C_KOREA.mesh,Item\Costume\SOR_EQU_C_KOREA_WHITE.tpack,0,Item\Costume\SUM_EQU_C_KOREA.mesh,Item\Costume\SUM_EQU_C_KOREA_WHITE.tpack,0,Item\Costume\HIL_EQU_C_KOREA.mesh,Item\Costume\HIL_EQU_C_KOREA_WHITE.tpack,0,Item\Costume\WAR_EQU_C_KOREA.mesh,Item\Costume\WAR_EQU_C_KOREA_WHITE.tpack,0,Item\Costume\ALO_EQU_C_KOREA.mesh,Item\Costume\ALO_EQU_C_KOREA_WHITE.tpack,0,Item\Costume\DRG_EQU_C_KOREA.mesh,Item\Costume\DRG_EQU_C_KOREA_WHITE.tpack,0,Item\Costume\BWZ_EQU_C_KOREA.mesh,Item\Costume\BWZ_EQU_C_KOREA_WHITE.tpack,0,Item\Costume\WSU_EQU_C_KOREA.mesh,Item\Costume\WSU_EQU_C_KOREA_WHITE.tpack,0,Item\Costume\MSE_EQU_C_KOREA.mesh,Item\Costume\MSE_EQU_C_KOREA_WHITE.tpack,0,Item\Costume\HWA_EQU_C_KOREA.mesh,Item\Costume\HWA_EQU_C_KOREA_WHITE.tpack,0,TRUE
83,Item\Costume\SWD_EQU_C013.mesh,Item\Costume\SWD_EQU_C013.tpack,307,Item\Costume\ARC_EQU_C013.mesh,Item\Costume\ARC_EQU_C013.tpack,306,Item\Costume\SOR_EQU_C013.mesh,Item\Costume\SOR_EQU_C013.tpack,306,Item\Costume\SUM_EQU_C013.mesh,Item\Costume\SUM_EQU_C013.tpack,307,Item\Costume\HIL_EQU_C013.mesh,Item\Costume\HIL_EQU_C013.tpack,306,Item\Costume\WAR_EQU_C013.mesh,Item\Costume\WAR_EQU_C013.tpack,308,Item\Costume\ALO_EQU_C013.mesh,Item\Costume\ALO_EQU_C013.tpack,306,Item\Costume\DRG_EQU_C013.mesh,Item\Costume\DRG_EQU_C013.tpack,306,Item\Costume\BWZ_EQU_C013.mesh,Item\Costume\BWZ_EQU_C013.tpack,307,Item\Costume\WSU_EQU_C013.mesh,Item\Costume\WSU_EQU_C013.tpack,306,Item\Costume\MSE_EQU_C013.mesh,Item\Costume\MSE_EQU_C013.tpack,306,Item\Costume\HWA_EQU_C013.mesh,Item\Costume\HWA_EQU_C013.tpack,307,TRUE
84,item\costume\SWD_EQU_C_EPIC.mesh,item\costume\SWD_EQU_C_EPIC_BLACK.tpack,0,item\costume\ARC_EQU_C_EPIC.mesh,item\costume\ARC_EQU_C_EPIC_BLACK.tpack,0,item\costume\SOR_EQU_C_EPIC.mesh,item\costume\SOR_EQU_C_EPIC_BLACK.tpack,0,item\costume\SUM_EQU_C_EPIC.mesh,item\costume\SUM_EQU_C_EPIC_BLACK.tpack,0,item\costume\HIL_EQU_C_EPIC.mesh,item\costume\HIL_EQU_C_EPIC_BLACK.tpack,0,item\costume\WAR_EQU_C_EPIC.mesh,item\costume\WAR_EQU_C_EPIC_BLACK.tpack,0,item\costume\ALO_EQU_C_EPIC.mesh,item\costume\ALO_EQU_C_EPIC_BLACK.tpack,0,item\costume\DRG_EQU_C_EPIC.mesh,item\costume\DRG_EQU_C_EPIC_BLACK.tpack,0,item\costume\BWZ_EQU_C_EPIC.mesh,item\costume\BWZ_EQU_C_EPIC_BLACK.tpack,0,item\costume\WSU_EQU_C_EPIC.mesh,item\costume\WSU_EQU_C_EPIC_BLACK.tpack,0,item\costume\MSE_EQU_C_EPIC.mesh,item\costume\MSE_EQU_C_EPIC_BLACK.tpack,0,item\costume\HWA_EQU_C_EPIC.mesh,item\costume\HWA_EQU_C_EPIC_BLACK.tpack,0,TRUE
85,Item\Costume\SWD_EQU_COS_SOCCER_UNIFORM.mesh,Item\Costume\SWD_EQU_COS_SOCCER_UNIFORM_2018.tpack,0,Item\Costume\ARC_EQU_COS_SOCCER_UNIFORM.mesh,Item\Costume\ARC_EQU_COS_SOCCER_UNIFORM_2018.tpack,0,Item\Costume\SOR_EQU_COS_SOCCER_UNIFORM.mesh,Item\Costume\SOR_EQU_COS_SOCCER_UNIFORM_2018.tpack,0,Item\Costume\SUM_EQU_COS_SOCCER_UNIFORM.mesh,Item\Costume\SUM_EQU_COS_SOCCER_UNIFORM_2018.tpack,0,Item\Costume\HIL_EQU_COS_SOCCER_UNIFORM.mesh,Item\Costume\HIL_EQU_COS_SOCCER_UNIFORM_2018.tpack,0,Item\Costume\WAR_EQU_COS_SOCCER_UNIFORM.mesh,Item\Costume\WAR_EQU_COS_SOCCER_UNIFORM_2018.tpack,0,Item\Costume\ALO_EQU_COS_SOCCER_UNIFORM.mesh,Item\Costume\ALO_EQU_COS_SOCCER_UNIFORM_2018.tpack,0,Item\Costume\DRG_EQU_COS_SOCCER_UNIFORM.mesh,Item\Costume\DRG_EQU_COS_SOCCER_UNIFORM_2018.tpack,0,Item\Costume\BWZ_EQU_COS_SOCCER_UNIFORM.mesh,Item\Costume\BWZ_EQU_COS_SOCCER_UNIFORM_2018.tpack,0,Item\Costume\WSU_EQU_COS_SOCCER_UNIFORM.mesh,Item\Costume\WSU_EQU_COS_SOCCER_UNIFORM_2018.tpack,0,Item\Costume\MSE_EQU_COS_SOCCER_UNIFORM.mesh,Item\Costume\MSE_EQU_COS_SOCCER_UNIFORM_2018.tpack,0,Item\Costume\HWA_EQU_COS_SOCCER_UNIFORM.mesh,Item\Costume\HWA_EQU_COS_SOCCER_UNIFORM_2018.tpack,0,TRUE
86,Item\Costume\SWD_EQU_C_2018.mesh,Item\Costume\SWD_EQU_C_2018.tpack,0,Item\Costume\ARC_EQU_C_2018.mesh,Item\Costume\ARC_EQU_C_2018.tpack,0,Item\Costume\SOR_EQU_C_2018.mesh,Item\Costume\SOR_EQU_C_2018.tpack,0,Item\Costume\SUM_EQU_C_2018.mesh,Item\Costume\SUM_EQU_C_2018.tpack,0,Item\Costume\HIL_EQU_C_2018.mesh,Item\Costume\HIL_EQU_C_2018.tpack,0,Item\Costume\WAR_EQU_C_2018.mesh,Item\Costume\WAR_EQU_C_2018.tpack,0,Item\Costume\ALO_EQU_C_2018.mesh,Item\Costume\ALO_EQU_C_2018.tpack,0,Item\Costume\DRG_EQU_C_2018.mesh,Item\Costume\DRG_EQU_C_2018.tpack,0,Item\Costume\BWZ_EQU_C_2018.mesh,Item\Costume\BWZ_EQU_C_2018.tpack,0,Item\Costume\WSU_EQU_C_2018.mesh,Item\Costume\WSU_EQU_C_2018.tpack,0,Item\Costume\MSE_EQU_C_2018.mesh,Item\Costume\MSE_EQU_C_2018.tpack,0,Item\Costume\HWA_EQU_C_2018.mesh,Item\Costume\HWA_EQU_C_2018.tpack,0,TRUE
87,Item\Costume\SWD_EQU_C_RUDOLPH.mesh,Item\Costume\SWD_EQU_C_RUDOLPH.tpack,383,Item\Costume\ARC_EQU_C_RUDOLPH.mesh,Item\Costume\ARC_EQU_C_RUDOLPH.tpack,384,Item\Costume\SOR_EQU_C_RUDOLPH.mesh,Item\Costume\SOR_EQU_C_RUDOLPH.tpack,384,Item\Costume\SUM_EQU_C_RUDOLPH.mesh,Item\Costume\SUM_EQU_C_RUDOLPH.tpack,383,Item\Costume\HIL_EQU_C_RUDOLPH.mesh,Item\Costume\HIL_EQU_C_RUDOLPH.tpack,384,Item\Costume\WAR_EQU_C_RUDOLPH.mesh,Item\Costume\WAR_EQU_C_RUDOLPH.tpack,385,Item\Costume\ALO_EQU_C_RUDOLPH.mesh,Item\Costume\ALO_EQU_C_RUDOLPH.tpack,384,Item\Costume\DRG_EQU_C_RUDOLPH.mesh,Item\Costume\DRG_EQU_C_RUDOLPH.tpack,384,Item\Costume\BWZ_EQU_C_RUDOLPH.mesh,Item\Costume\BWZ_EQU_C_RUDOLPH.tpack,383,Item\Costume\WSU_EQU_C_RUDOLPH.mesh,Item\Costume\WSU_EQU_C_RUDOLPH.tpack,384,Item\Costume\MSE_EQU_C_RUDOLPH.mesh,Item\Costume\MSE_EQU_C_RUDOLPH.tpack,383,Item\Costume\HWA_EQU_C_RUDOLPH.mesh,Item\Costume\HWA_EQU_C_RUDOLPH.tpack,384,TRUE
88,Item\Costume\SWD_EQU_C_PIG.mesh,Item\Costume\SWD_EQU_C_PIG.tpack,0,Item\Costume\ARC_EQU_C_PIG.mesh,Item\Costume\ARC_EQU_C_PIG.tpack,0,Item\Costume\SOR_EQU_C_PIG.mesh,Item\Costume\SOR_EQU_C_PIG.tpack,0,Item\Costume\SUM_EQU_C_PIG.mesh,Item\Costume\SUM_EQU_C_PIG.tpack,0,Item\Costume\HIL_EQU_C_PIG.mesh,Item\Costume\HIL_EQU_C_PIG.tpack,0,Item\Costume\WAR_EQU_C_PIG.mesh,Item\Costume\WAR_EQU_C_PIG.tpack,0,Item\Costume\ALO_EQU_C_PIG.mesh,Item\Costume\ALO_EQU_C_PIG.tpack,0,Item\Costume\DRG_EQU_C_PIG.mesh,Item\Costume\DRG_EQU_C_PIG.tpack,0,Item\Costume\BWZ_EQU_C_PIG.mesh,Item\Costume\BWZ_EQU_C_PIG.tpack,0,Item\Costume\WSU_EQU_C_PIG.mesh,Item\Costume\WSU_EQU_C_PIG.tpack,0,Item\Costume\MSE_EQU_C_PIG.mesh,Item\Costume\MSE_EQU_C_PIG.tpack,0,Item\Costume\HWA_EQU_C_PIG.mesh,Item\Costume\HWA_EQU_C_PIG.tpack,0,TRUE
89,Item\Costume\SWD_EQU_C_HAT01.mesh,Item\Costume\SWD_EQU_C_HAT01.tpack,506,Item\Costume\ARC_EQU_C_HAT01.mesh,Item\Costume\ARC_EQU_C_HAT01.tpack,506,Item\Costume\SOR_EQU_C_HAT01.mesh,Item\Costume\SOR_EQU_C_HAT01.tpack,506,Item\Costume\SUM_EQU_C_HAT01.mesh,Item\Costume\SUM_EQU_C_HAT01.tpack,506,Item\Costume\HIL_EQU_C_HAT01.mesh,Item\Costume\HIL_EQU_C_HAT01.tpack,506,Item\Costume\WAR_EQU_C_HAT01.mesh,Item\Costume\WAR_EQU_C_HAT01.tpack,506,Item\Costume\ALO_EQU_C_HAT01.mesh,Item\Costume\ALO_EQU_C_HAT01.tpack,506,Item\Costume\DRG_EQU_C_HAT01.mesh,Item\Costume\DRG_EQU_C_HAT01.tpack,506,Item\Costume\BWZ_EQU_C_HAT01.mesh,Item\Costume\BWZ_EQU_C_HAT01.tpack,505,Item\Costume\WSU_EQU_C_HAT01.mesh,Item\Costume\WSU_EQU_C_HAT01.tpack,506,Item\Costume\MSE_EQU_C_HAT01.mesh,Item\Costume\MSE_EQU_C_HAT01.tpack,506,Item\Costume\HWA_EQU_C_HAT01.mesh,Item\Costume\HWA_EQU_C_HAT01.tpack,506,TRUE
90,Item\Costume\SWD_EQU_C_SANTA.mesh,Item\Costume\SWD_EQU_C_SANTA.tpack,516,Item\Costume\ARC_EQU_C_SANTA.mesh,Item\Costume\ARC_EQU_C_SANTA.tpack,516,Item\Costume\SOR_EQU_C_SANTA.mesh,Item\Costume\SOR_EQU_C_SANTA.tpack,516,Item\Costume\SUM_EQU_C_SANTA.mesh,Item\Costume\SUM_EQU_C_SANTA.tpack,516,Item\Costume\HIL_EQU_C_SANTA.mesh,Item\Costume\HIL_EQU_C_SANTA.tpack,516,Item\Costume\WAR_EQU_C_SANTA.mesh,Item\Costume\WAR_EQU_C_SANTA.tpack,516,Item\Costume\ALO_EQU_C_SANTA.mesh,Item\Costume\ALO_EQU_C_SANTA.tpack,516,Item\Costume\DRG_EQU_C_SANTA.mesh,Item\Costume\DRG_EQU_C_SANTA.tpack,516,Item\Costume\BWZ_EQU_C_SANTA.mesh,Item\Costume\BWZ_EQU_C_SANTA.tpack,516,Item\Costume\WSU_EQU_C_SANTA.mesh,Item\Costume\WSU_EQU_C_SANTA.tpack,516,Item\Costume\MSE_EQU_C_SANTA.mesh,Item\Costume\MSE_EQU_C_SANTA.tpack,516,Item\Costume\HWA_EQU_C_SANTA.mesh,Item\Costume\HWA_EQU_C_SANTA.tpack,516,TRUE
91,item\costume\SWD_EQU_C_EPIC.mesh,Item\Costume\SWD_EQU_C_EPIC_RED.tpack,0,item\costume\ARC_EQU_C_EPIC.mesh,Item\Costume\ARC_EQU_C_EPIC_RED.tpack,0,item\costume\SOR_EQU_C_EPIC.mesh,Item\Costume\SOR_EQU_C_EPIC_RED.tpack,0,item\costume\SUM_EQU_C_EPIC.mesh,Item\Costume\SUM_EQU_C_EPIC_RED.tpack,0,item\costume\HIL_EQU_C_EPIC.mesh,Item\Costume\HIL_EQU_C_EPIC_RED.tpack,0,item\costume\WAR_EQU_C_EPIC.mesh,Item\Costume\WAR_EQU_C_EPIC_RED.tpack,0,item\costume\ALO_EQU_C_EPIC.mesh,Item\Costume\ALO_EQU_C_EPIC_RED.tpack,0,item\costume\DRG_EQU_C_EPIC.mesh,Item\Costume\DRG_EQU_C_EPIC_RED.tpack,0,item\costume\BWZ_EQU_C_EPIC.mesh,Item\Costume\BWZ_EQU_C_EPIC_RED.tpack,0,item\costume\WSU_EQU_C_EPIC.mesh,Item\Costume\WSU_EQU_C_EPIC_RED.tpack,0,item\costume\MSE_EQU_C_EPIC.mesh,Item\Costume\MSE_EQU_C_EPIC_RED.tpack,0,item\costume\HWA_EQU_C_EPIC.mesh,Item\Costume\HWA_EQU_C_EPIC_RED.tpack,0,TRUE
92,Item\Costume\SWD_EQU_C_KOREA_PURE.mesh,Item\Costume\SWD_EQU_C_KOREA_PURE.tpack,0,Item\Costume\ARC_EQU_C_KOREA_PURE.mesh,Item\Costume\ARC_EQU_C_KOREA_PURE.tpack,0,Item\Costume\SOR_EQU_C_KOREA_PURE.mesh,Item\Costume\SOR_EQU_C_KOREA_PURE.tpack,0,Item\Costume\SUM_EQU_C_KOREA_PURE.mesh,Item\Costume\SUM_EQU_C_KOREA_PURE.tpack,0,Item\Costume\HIL_EQU_C_KOREA_PURE.mesh,Item\Costume\HIL_EQU_C_KOREA_PURE.tpack,0,Item\Costume\WAR_EQU_C_KOREA_PURE.mesh,Item\Costume\WAR_EQU_C_KOREA_PURE.tpack,0,Item\Costume\ALO_EQU_C_KOREA_PURE.mesh,Item\Costume\ALO_EQU_C_KOREA_PURE.tpack,0,item\costume\DRG_EQU_C_KOREA_PURE.mesh,item\costume\DRG_EQU_C_KOREA_PURE.tpack,0,Item\Costume\BWZ_EQU_C_KOREA_PURE.mesh,Item\Costume\BWZ_EQU_C_KOREA_PURE.tpack,0,Item\Costume\WSU_EQU_C_KOREA_PURE.mesh,Item\Costume\WSU_EQU_C_KOREA_PURE.tpack,0,Item\Costume\MSE_EQU_C_KOREA_PURE.mesh,Item\Costume\MSE_EQU_C_KOREA_PURE.tpack,0,Item\Costume\HWA_EQU_C_KOREA_PURE.mesh,Item\Costume\HWA_EQU_C_KOREA_PURE.tpack,0,TRUE
93,Item\Costume\SWD_EQU_C_KOREA_PURE.mesh,Item\Costume\SWD_EQU_C_KOREA_PURE.tpack,0,Item\Costume\ARC_EQU_C_KOREA_PURE.mesh,Item\Costume\ARC_EQU_C_KOREA_PURE.tpack,0,Item\Costume\SOR_EQU_C_KOREA_PURE.mesh,Item\Costume\SOR_EQU_C_KOREA_PURE.tpack,0,Item\Costume\SUM_EQU_C_KOREA_PURE.mesh,Item\Costume\SUM_EQU_C_KOREA_PURE.tpack,0,Item\Costume\HIL_EQU_C_KOREA_PURE.mesh,Item\Costume\HIL_EQU_C_KOREA_PURE.tpack,0,Item\Costume\WAR_EQU_C_KOREA_PURE.mesh,Item\Costume\WAR_EQU_C_KOREA_PURE.tpack,0,Item\Costume\ALO_EQU_C_KOREA_PURE.mesh,Item\Costume\ALO_EQU_C_KOREA_PURE.tpack,0,item\costume\DRG_EQU_C_KOREA_PURE.mesh,item\costume\DRG_EQU_C_KOREA_PURE.tpack,0,Item\Costume\BWZ_EQU_C_KOREA_PURE.mesh,Item\Costume\BWZ_EQU_C_KOREA_PURE.tpack,0,Item\Costume\WSU_EQU_C_KOREA_PURE.mesh,Item\Costume\WSU_EQU_C_KOREA_PURE.tpack,0,Item\Costume\MSE_EQU_C_KOREA_PURE.mesh,Item\Costume\MSE_EQU_C_KOREA_PURE.tpack,0,Item\Costume\HWA_EQU_C_KOREA_PURE.mesh,Item\Costume\HWA_EQU_C_KOREA_PURE.tpack,0,TRUE
94,Item\Costume\SWD_EQU_C_KOREA_PURE.mesh,Item\Costume\SWD_EQU_C_KOREA_PURE.tpack,0,Item\Costume\ARC_EQU_COS_PIRATE2.mesh,Item\Costume\ARC_EQU_COS_PIRATE2.tpack,0,Item\Costume\SOR_EQU_COS_PIRATE2.mesh,Item\Costume\SOR_EQU_COS_PIRATE2.tpack,0,Item\Costume\SUM_EQU_C_KOREA_PURE.mesh,Item\Costume\SUM_EQU_C_KOREA_PURE.tpack,0,Item\Costume\HIL_EQU_COS_PIRATE2.mesh,Item\Costume\HIL_EQU_COS_PIRATE2.tpack,0,Item\Costume\WAR_EQU_C_KOREA_PURE.mesh,Item\Costume\WAR_EQU_C_KOREA_PURE.tpack,0,Item\Costume\ALO_EQU_COS_PIRATE2.mesh,Item\Costume\ALO_EQU_COS_PIRATE2.tpack,0,Item\Costume\DRG_EQU_COS_PIRATE2.mesh,Item\Costume\DRG_EQU_COS_PIRATE2.tpack,0,Item\Costume\BWZ_EQU_C_KOREA_PURE.mesh,Item\Costume\BWZ_EQU_C_KOREA_PURE.tpack,0,Item\Costume\WSU_EQU_COS_PIRATE2.mesh,Item\Costume\WSU_EQU_COS_PIRATE2.tpack,0,Item\Costume\MSE_EQU_C_KOREA_PURE.mesh,Item\Costume\MSE_EQU_C_KOREA_PURE.tpack,0,Item\Costume\HWA_EQU_COS_PIRATE2.mesh,Item\Costume\HWA_EQU_COS_PIRATE2.tpack,0,TRUE
95,Item\Costume\SWD_EQU_COS_ARMY.mesh,Item\Costume\SWD_EQU_COS_ARMY.tpack,0,Item\Costume\ARC_EQU_COS_ARMY.mesh,Item\Costume\ARC_EQU_COS_ARMY.tpack,0,Item\Costume\SOR_EQU_COS_ARMY.mesh,Item\Costume\SOR_EQU_COS_ARMY.tpack,0,Item\Costume\SUM_EQU_COS_ARMY.mesh,Item\Costume\SUM_EQU_COS_ARMY.tpack,0,Item\Costume\HIL_EQU_COS_ARMY.mesh,Item\Costume\HIL_EQU_COS_ARMY.tpack,0,Item\Costume\WAR_EQU_COS_ARMY.mesh,Item\Costume\WAR_EQU_COS_ARMY.tpack,0,Item\Costume\ALO_EQU_COS_ARMY.mesh,Item\Costume\ALO_EQU_COS_ARMY.tpack,0,Item\Costume\DRG_EQU_COS_ARMY.mesh,Item\Costume\DRG_EQU_COS_ARMY.tpack,0,Item\Costume\BWZ_EQU_COS_ARMY.mesh,Item\Costume\BWZ_EQU_COS_ARMY.tpack,0,Item\Costume\WSU_EQU_COS_ARMY.mesh,Item\Costume\WSU_EQU_COS_ARMY.tpack,0,Item\Costume\MSE_EQU_COS_ARMY.mesh,Item\Costume\MSE_EQU_COS_ARMY.tpack,0,Item\Costume\HWA_EQU_COS_ARMY.mesh,Item\Costume\HWA_EQU_COS_ARMY.tpack,0,TRUE
96,Item\Costume\SWD_EQU_C007.mesh,Item\Costume\SWD_EQU_C007.tpack,558,Item\Costume\ARC_EQU_C007.mesh,Item\Costume\ARC_EQU_C007.tpack,558,Item\Costume\SOR_EQU_C007.mesh,Item\Costume\SOR_EQU_C007.tpack,558,Item\Costume\SUM_EQU_C007.mesh,Item\Costume\SUM_EQU_C007.tpack,558,Item\Costume\HIL_EQU_C007.mesh,Item\Costume\HIL_EQU_C007.tpack,558,Item\Costume\WAR_EQU_C007.mesh,Item\Costume\WAR_EQU_C007.tpack,558,Item\Costume\ALO_EQU_C007.mesh,Item\Costume\ALO_EQU_C007.tpack,558,Item\Costume\DRG_EQU_C012.mesh,Item\Costume\DRG_EQU_C012.tpack,558,Item\Costume\BWZ_EQU_C012.mesh,Item\Costume\BWZ_EQU_C012.tpack,558,Item\Costume\WSU_EQU_C018.mesh,Item\Costume\WSU_EQU_C018.tpack,558,Item\Costume\MSE_EQU_C018.mesh,Item\Costume\MSE_EQU_C018.tpack,558,Item\Costume\HWA_EQU_C012.mesh,Item\Costume\HWA_EQU_C012.tpack,558,TRUE
